"","Index_","ACCNUM","YEAR","DATE","TIME","Hour","STREET1","STREET2","OFFSET","ROAD_CLASS","District","WardNum","Division","LATITUDE","LONGITUDE","LOCCOORD","ACCLOC","TRAFFCTL","VISIBILITY","LIGHT","RDSFCOND","ACCLASS","IMPACTYPE","INVTYPE","INVAGE","INJURY","FATAL_NO","INITDIR","VEHTYPE","MANOEUVER","DRIVACT","DRIVCOND","PEDTYPE","PEDACT","PEDCOND","CYCLISTYPE","CYCACT","CYCCOND","PEDESTRIAN","CYCLIST","AUTOMOBILE","MOTORCYCLE","TRUCK","TRSN_CITY_","EMERG_VEH","PASSENGER","SPEEDING","AG_DRIV","REDLIGHT","ALCOHOL","Hood_ID","Neighbourh","ObjectId","isFATAL","pressure_station","wind_speed","relative_humidity","temperature","visibility_value"
"156",5280222,1122468,2009,2009-07-28,1200,12,"WINCOTT DR","SHEFFLEY CRES"," ","Collector","Etobicoke York","2","23",43.686445,-79.54919,"Mid-Block"," ","No Control","Clear","Daylight","Dry","Non-Fatal Injury","Cyclist Collisions","Cyclist","35 to 39","Major",0,"South","Bicycle","Other"," "," "," "," "," ","Cyclist loses control and strikes object (pole, ttc track)","Lost control","Normal",0,1,1,0,0,0,0,0,0,0,0,0,7,"Willowridge-Martingrove-Richview (7)",156,0,98.93,24,66,25.9,24100
"157",6641415,1239456,2011,2011-06-16,1200,12,"BATHURST ST","LAWRENCE AVE W"," ","Major Arterial","North York","8","32,13,53",43.719245,-79.42979,"Intersection","At Intersection","Traffic Signal","Clear","Daylight","Dry","Non-Fatal Injury","Cyclist Collisions","Driver","unknown","None",0,"South","Automobile, Station Wagon","Turning Left","Failed to Yield Right of Way","Unknown"," "," "," "," "," "," ",0,1,1,0,0,0,0,0,0,1,0,0,39,"Bedford Park-Nortown (39)",157,0,98.9,15,53,23.1,24100
"158",6641416,1239456,2011,2011-06-16,1200,12,"BATHURST ST","LAWRENCE AVE W"," ","Major Arterial","North York","8","32,13,53",43.719245,-79.42979,"Intersection","At Intersection","Traffic Signal","Clear","Daylight","Dry","Non-Fatal Injury","Cyclist Collisions","Cyclist","20 to 24","Major",0,"North","Bicycle","Going Ahead"," "," "," "," "," ","Motorist turned left across cyclists path.","Other","Normal",0,1,1,0,0,0,0,0,0,1,0,0,39,"Bedford Park-Nortown (39)",158,0,98.9,15,53,23.1,24100
"159",6182228,1185756,2010,2010-07-22,1200,12,"KING ST W","UNIVERSITY AVE"," ","Major Arterial","Toronto and East York","10","52",43.647643,-79.384792,"Intersection","At Intersection","Traffic Signal","Clear","Daylight","Dry","Non-Fatal Injury","Cyclist Collisions","Vehicle Owner","unknown"," ",0," "," "," "," "," "," "," "," "," "," "," ",0,1,1,0,0,0,0,0,0,0,0,0,76,"Bay Street Corridor (76)",159,0,99.62,19,52,26.9,24100
"160",6182229,1185756,2010,2010-07-22,1200,12,"KING ST W","UNIVERSITY AVE"," ","Major Arterial","Toronto and East York","10","52",43.647643,-79.384792,"Intersection","At Intersection","Traffic Signal","Clear","Daylight","Dry","Non-Fatal Injury","Cyclist Collisions","Driver","25 to 29","None",0,"East","Automobile, Station Wagon","Stopped","Driving Properly","Normal"," "," "," "," "," "," ",0,1,1,0,0,0,0,0,0,0,0,0,76,"Bay Street Corridor (76)",160,0,99.62,19,52,26.9,24100
"161",6182230,1185756,2010,2010-07-22,1200,12,"KING ST W","UNIVERSITY AVE"," ","Major Arterial","Toronto and East York","10","52",43.647643,-79.384792,"Intersection","At Intersection","Traffic Signal","Clear","Daylight","Dry","Non-Fatal Injury","Cyclist Collisions","Cyclist","15 to 19","Major",0,"East","Bicycle","Going Ahead"," "," "," "," "," ","Cyclist and Driver travelling in same direction. One vehicle rear-ended the other.","Improper Passing","Inattentive",0,1,1,0,0,0,0,0,0,0,0,0,76,"Bay Street Corridor (76)",161,0,99.62,19,52,26.9,24100
"162",80564417,6001220813,2016,2016-07-12,1200,12,"PAPE AVE","COSBURN AVE","15 m South of","Major Arterial","Toronto and East York","14","54",43.689421,-79.348804,"Intersection","Non Intersection","Traffic Signal","Clear","Daylight","Dry","Non-Fatal Injury","Cyclist Collisions","Cyclist","15 to 19","Major",0,"North","Bicycle","Going Ahead"," "," "," "," "," ","Insufficient information (to determine cyclist crash type).","Lost control","Inattentive",0,1,1,0,0,0,0,0,0,0,0,0,59,"Danforth East York (59)",162,0,99.5,16,53,27.5,24100
"163",80564418,6001220813,2016,2016-07-12,1200,12,"PAPE AVE","COSBURN AVE","15 m South of","Major Arterial","Toronto and East York","14","54",43.689421,-79.348804,"Intersection","Non Intersection","Traffic Signal","Clear","Daylight","Dry","Non-Fatal Injury","Cyclist Collisions","Driver","65 to 69","None",0,"South","Passenger Van","Going Ahead","Driving Properly","Normal"," "," "," "," "," "," ",0,1,1,0,0,0,0,0,0,0,0,0,59,"Danforth East York (59)",163,0,99.5,16,53,27.5,24100
"164",5368554,1042268,2008,2008-05-24,1200,12,"CHRISTIE ST","LAMBERTLODGE AVE"," ","Minor Arterial","Toronto and East York","12","13",43.673845,-79.42239,"Intersection","At Intersection","Stop Sign","Clear","Daylight","Dry","Non-Fatal Injury","Cyclist Collisions","Driver","25 to 29","None",0,"South","Automobile, Station Wagon","Turning Right","Failed to Yield Right of Way","Inattentive"," "," "," "," "," "," ",0,1,1,0,0,0,0,0,0,1,0,0,94,"Wychwood (94)",164,0,99.94,24,45,16.1,24100
"165",5368555,1042268,2008,2008-05-24,1200,12,"CHRISTIE ST","LAMBERTLODGE AVE"," ","Minor Arterial","Toronto and East York","12","13",43.673845,-79.42239,"Intersection","At Intersection","Stop Sign","Clear","Daylight","Dry","Non-Fatal Injury","Cyclist Collisions","Cyclist","35 to 39","Major",0,"South","Bicycle","Going Ahead"," "," "," "," "," ","Motorist turns right at non-signal Inter.(stop, yield, no cont.,and dwy) and strikes cyclist.","Driving Properly","Normal",0,1,1,0,0,0,0,0,0,1,0,0,94,"Wychwood (94)",165,0,99.94,24,45,16.1,24100
"166",80631515,4002621781,2014,2014-08-02,1200,12,"ST CLAIR AVE W","WINONA DR"," ","Major Arterial","Toronto and East York","12,9","13",43.680205,-79.43246,"Intersection","Intersection Related","Traffic Signal","Clear","Daylight","Dry","Non-Fatal Injury","Cyclist Collisions","Driver","unknown","None",0,"West","Automobile, Station Wagon","Overtaking","Failed to Yield Right of Way","Unknown"," "," "," "," "," "," ",0,1,1,0,0,0,0,0,0,1,0,0,94,"Wychwood (94)",166,0,100.01,9,65,24.1,19300
"167",80631516,4002621781,2014,2014-08-02,1200,12,"ST CLAIR AVE W","WINONA DR"," ","Major Arterial","Toronto and East York","12,9","13",43.680205,-79.43246,"Intersection","Intersection Related","Traffic Signal","Clear","Daylight","Dry","Non-Fatal Injury","Cyclist Collisions","Cyclist","35 to 39","Major",0,"West","Bicycle","Going Ahead"," "," "," "," "," ","Cyclist and Driver travelling in same direction. One vehicle sideswipes the other.","Driving Properly","Normal",0,1,1,0,0,0,0,0,0,1,0,0,94,"Wychwood (94)",167,0,100.01,9,65,24.1,19300
"168",80543119,6001035189,2016,2016-06-14,1200,12,"58 THE ESPLANADE"," ","45 m West of","Collector","Toronto and East York","13,10","51",43.646952,-79.374179,"Mid-Block","Non Intersection","No Control","Clear","Daylight","Dry","Non-Fatal Injury","Cyclist Collisions","Cyclist","30 to 34","Major",0,"West","Bicycle","Pulling Onto Shoulder or towardCurb"," "," "," "," "," ","Cyclist and Driver travelling in same direction. One vehicle rear-ended the other.","Following too Close","Normal",0,1,1,0,0,0,0,0,0,0,0,0,77,"Waterfront Communities-The Island (77)",168,0,99.72,8,36,18.7,24100
"169",80543120,6001035189,2016,2016-06-14,1200,12,"58 THE ESPLANADE"," ","45 m West of","Collector","Toronto and East York","13,10","51",43.646952,-79.374179,"Mid-Block","Non Intersection","No Control","Clear","Daylight","Dry","Non-Fatal Injury","Cyclist Collisions","Driver","25 to 29","None",0,"West","Automobile, Station Wagon","Going Ahead","Driving Properly","Normal"," "," "," "," "," "," ",0,1,1,0,0,0,0,0,0,0,0,0,77,"Waterfront Communities-The Island (77)",169,0,99.72,8,36,18.7,24100
"170",80545158,6001174772,2016,2016-07-05,1200,12,"740 DUPONT ST"," "," ","Major Arterial","Toronto and East York","11","14",43.671199,-79.423724,"Mid-Block","Non Intersection","No Control","Clear","Daylight","Dry","Fatal","Cyclist Collisions","Cyclist","70 to 74","Fatal",41,"West","Bicycle","Overtaking"," "," "," "," "," ","Cyclist strikes a parked vehicle.","Improper Passing","Unknown",0,1,0,0,0,0,0,0,0,0,0,0,93,"Dovercourt-Wallace Emerson-Junction (93)",170,1,98.9,14,37,29.5,24100
"171",80545159,6001174772,2016,2016-07-05,1200,12,"740 DUPONT ST"," "," ","Major Arterial","Toronto and East York","11","14",43.671199,-79.423724,"Mid-Block","Non Intersection","No Control","Clear","Daylight","Dry","Fatal","Cyclist Collisions","Driver - Not Hit","unknown","None",0," "," "," "," "," "," "," "," "," "," "," ",0,1,0,0,0,0,0,0,0,0,0,0,93,"Dovercourt-Wallace Emerson-Junction (93)",171,1,98.9,14,37,29.5,24100
"172",80545160,6001174772,2016,2016-07-05,1200,12,"740 DUPONT ST"," "," ","Major Arterial","Toronto and East York","11","14",43.671199,-79.423724,"Mid-Block","Non Intersection","No Control","Clear","Daylight","Dry","Fatal","Cyclist Collisions","Other","unknown","None",0,"West"," ","Parked"," "," "," "," "," "," "," "," ",0,1,0,0,0,0,0,0,0,0,0,0,93,"Dovercourt-Wallace Emerson-Junction (93)",172,1,98.9,14,37,29.5,24100
"173",80777413,7000797636,2017,2017-05-06,1200,12,"YONGE  ST","GOULD ST"," ","Major Arterial","Toronto and East York","13,11","51,52",43.657344,-79.381328,"Intersection","At Intersection","Traffic Signal","Clear","Daylight","Dry","Non-Fatal Injury","Cyclist Collisions","Driver","30 to 34","None",0,"South","Automobile, Station Wagon","Going Ahead","Improper Passing","Normal"," "," "," "," "," "," ",0,1,1,0,0,0,0,0,0,1,0,0,75,"Church-Yonge Corridor (75)",173,0,97.46,31,87,6.8,24100
"174",80777414,7000797636,2017,2017-05-06,1200,12,"YONGE  ST","GOULD ST"," ","Major Arterial","Toronto and East York","13,11","51,52",43.657344,-79.381328,"Intersection","At Intersection","Traffic Signal","Clear","Daylight","Dry","Non-Fatal Injury","Cyclist Collisions","Cyclist","70 to 74","Major",0,"South","Bicycle","Going Ahead"," "," "," "," "," ","Cyclist and Driver travelling in same direction. One vehicle sideswipes the other.","Driving Properly","Normal",0,1,1,0,0,0,0,0,0,1,0,0,75,"Church-Yonge Corridor (75)",174,0,97.46,31,87,6.8,24100
"175",80490827,5001806026,2015,2015-10-20,1200,12,"QUEEN ST W","BEACONSFIELD AVE","60 m West of","Major Arterial","Toronto and East York","9","14",43.643004,-79.424808,"Intersection","Non Intersection","No Control","Clear","Daylight","Dry","Non-Fatal Injury","Cyclist Collisions","Driver","30 to 34","None",0,"East","Automobile, Station Wagon","Stopped","Other","Inattentive"," "," "," "," "," "," ",0,1,1,0,0,0,0,1,0,0,0,0,84,"Little Portugal (84)",175,0,99.78,15,49,15.7,24100
"176",80490828,5001806026,2015,2015-10-20,1200,12,"QUEEN ST W","BEACONSFIELD AVE","60 m West of","Major Arterial","Toronto and East York","9","14",43.643004,-79.424808,"Intersection","Non Intersection","No Control","Clear","Daylight","Dry","Non-Fatal Injury","Cyclist Collisions","Cyclist","25 to 29","Major",0,"East","Bicycle","Overtaking"," "," "," "," "," ","Cyclist struck opened vehicle door","Driving Properly","Normal",0,1,1,0,0,0,0,1,0,0,0,0,84,"Little Portugal (84)",176,0,99.78,15,49,15.7,24100
"177",80490829,5001806026,2015,2015-10-20,1200,12,"QUEEN ST W","BEACONSFIELD AVE","60 m West of","Major Arterial","Toronto and East York","9","14",43.643004,-79.424808,"Intersection","Non Intersection","No Control","Clear","Daylight","Dry","Non-Fatal Injury","Cyclist Collisions","Passenger","0 to 4","None",0," "," "," "," "," "," "," "," "," "," "," ",0,1,1,0,0,0,0,1,0,0,0,0,84,"Little Portugal (84)",177,0,99.78,15,49,15.7,24100
"178",7796511,1346813,2013,2013-03-16,1300,12,"WARDEN AVE","STEELES AVE E"," ","Major Arterial","Scarborough","22","42",43.819645,-79.32439,"Intersection"," ","Traffic Signal","Clear","Daylight","Dry","Non-Fatal Injury","Cyclist Collisions","Driver","30 to 34","None",0,"South","Automobile, Station Wagon","Turning Right","Improper Turn","Normal"," "," "," "," "," "," ",0,1,1,0,0,0,0,0,0,0,0,0,0," ",178,0,99.11,13,78,-4.9,9700
"179",7796512,1346813,2013,2013-03-16,1300,12,"WARDEN AVE","STEELES AVE E"," ","Major Arterial","Scarborough","22","42",43.819645,-79.32439,"Intersection"," ","Traffic Signal","Clear","Daylight","Dry","Non-Fatal Injury","Cyclist Collisions","Cyclist","65 to 69","Major",0,"East","Bicycle","Going Ahead"," "," "," "," "," ","Motorist turning right on green or amber at signalized intersection strikes cyclist.","Other","Normal",0,1,1,0,0,0,0,0,0,0,0,0,0," ",179,0,99.11,13,78,-4.9,9700
"180",5056222,1140739,2009,2009-11-09,1300,12,"QUEEN Stre W","ST PATRICK Stre"," ","Major Arterial","Toronto and East York","10","52",43.650445,-79.38869,"Intersection","At Intersection","Traffic Signal","Clear","Daylight","Dry","Non-Fatal Injury","Pedestrian Collisions","Pedestrian","35 to 39","Major",0,"North","Other"," "," "," ","Vehicle is going straight thru inter.while ped cross without ROW","Crossing without right of way","Inattentive"," "," "," ",1,1,0,0,0,0,0,0,0,0,0,0,78,"Kensington-Chinatown (78)",180,0,99.99,17,68,17.2,19300
"181",5056223,1140739,2009,2009-11-09,1300,12,"QUEEN Stre W","ST PATRICK Stre"," ","Major Arterial","Toronto and East York","10","52",43.650445,-79.38869,"Intersection","At Intersection","Traffic Signal","Clear","Daylight","Dry","Non-Fatal Injury","Pedestrian Collisions","Cyclist","25 to 29","Minimal",0,"East","Bicycle","Going Ahead"," "," "," "," "," ","Cyclist strikes pedestrian.","Driving Properly","Normal",1,1,0,0,0,0,0,0,0,0,0,0,78,"Kensington-Chinatown (78)",181,0,99.99,17,68,17.2,19300
"182",80933889,7001733942,2017,2017-09-24,1300,12,"DUFFERIN ST","HOPEWELL AVE","1 m South of","Major Arterial","North York","8","13",43.698622,-79.451267,"Intersection","At Intersection","Stop Sign","Clear","Daylight","Dry","Non-Fatal Injury","Cyclist Collisions","Driver","60 to 64","None",0,"West","Automobile, Station Wagon","Turning Right","Driving Properly","Normal"," "," "," "," "," "," ",0,1,1,0,0,0,0,0,0,0,0,0,108,"Briar Hill-Belgravia (108)",182,0,100.04,4,49,30.9,24100
"183",80933890,7001733942,2017,2017-09-24,1300,12,"DUFFERIN ST","HOPEWELL AVE","1 m South of","Major Arterial","North York","8","13",43.698622,-79.451267,"Intersection","At Intersection","Stop Sign","Clear","Daylight","Dry","Non-Fatal Injury","Cyclist Collisions","Cyclist","30 to 34","Major",0,"South","Bicycle","Going Ahead"," "," "," "," "," ","Cyclist without ROW rides into path of motorist at inter, lnwy, dwy-Cyclist not turn.","Failed to Yield Right of Way","Normal",0,1,1,0,0,0,0,0,0,0,0,0,108,"Briar Hill-Belgravia (108)",183,0,100.04,4,49,30.9,24100
"184",80972438,8001653005,2018,2018-08-02,1300,13,"BLOOR ST W","OSSINGTON AVE","50 m East of","Major Arterial","Toronto and East York","11","14",43.661994,-79.425082,"Mid-Block","Non Intersection","No Control","Clear","Daylight","Dry","Non-Fatal Injury","Cyclist Collisions","Driver","unknown","None",0,"West","Pick Up Truck","Pulling Onto Shoulder or towardCurb","Failed to Yield Right of Way","Normal"," "," "," "," "," "," ",0,1,1,0,0,0,0,0,0,1,0,0,80,"Palmerston-Little Italy (80)",184,0,99.62,17,43,28.8,24100
"185",80972439,8001653005,2018,2018-08-02,1300,13,"BLOOR ST W","OSSINGTON AVE","50 m East of","Major Arterial","Toronto and East York","11","14",43.661994,-79.425082,"Mid-Block","Non Intersection","No Control","Clear","Daylight","Dry","Non-Fatal Injury","Cyclist Collisions","Cyclist","45 to 49","Major",0,"West","Bicycle","Going Ahead"," "," "," "," "," ","Cyclist and Driver travelling in same direction. One vehicle sideswipes the other.","Driving Properly","Normal",0,1,1,0,0,0,0,0,0,1,0,0,80,"Palmerston-Little Italy (80)",185,0,99.62,17,43,28.8,24100
"186",6168065,1179966,2010,2010-06-03,1300,13,"MILVERTON BLVD","LINNSMORE CRES"," ","Local","Toronto and East York","14","54",43.685345,-79.33049,"Mid-Block"," ","No Control","Clear","Daylight","Dry","Non-Fatal Injury","Cyclist Collisions","Driver","35 to 39","None",0,"West","Automobile, Station Wagon","Parked","Other","Inattentive"," "," "," "," "," "," ",0,1,1,0,0,0,0,0,0,0,0,0,66,"Danforth (66)",186,0,98.69,13,76,19.8,24100
"187",6168066,1179966,2010,2010-06-03,1300,13,"MILVERTON BLVD","LINNSMORE CRES"," ","Local","Toronto and East York","14","54",43.685345,-79.33049,"Mid-Block"," ","No Control","Clear","Daylight","Dry","Non-Fatal Injury","Cyclist Collisions","Cyclist","20 to 24","Major",0,"West","Bicycle","Going Ahead"," "," "," "," "," ","Cyclist struck opened vehicle door","Driving Properly","Normal",0,1,1,0,0,0,0,0,0,0,0,0,66,"Danforth (66)",187,0,98.69,13,76,19.8,24100
"188",80757123,7001169974,2017,2017-06-30,1300,13,"847 JANE ST"," "," ","Collector","Etobicoke York","5","12",43.676146,-79.494518,"Mid-Block","Non Intersection","No Control","Clear","Daylight","Dry","Fatal","Cyclist Collisions","Cyclist","70 to 74","Fatal",28,"West","Bicycle","Going Ahead"," "," "," "," "," ","Motorist turns right at non-signal Inter.(stop, yield, no cont.,and dwy) and strikes cyclist.","Driving Properly","Normal",0,1,1,0,0,0,0,0,0,0,0,0,111,"Rockcliffe-Smythe (111)",188,1,99.04,23,75,24,24100
"189",80757189,7001169974,2017,2017-06-30,1300,13,"847 JANE ST"," "," ","Collector","Etobicoke York","5","12",43.676146,-79.494518,"Mid-Block","Non Intersection","No Control","Clear","Daylight","Dry","Fatal","Cyclist Collisions","Driver","60 to 64","None",0,"West","Delivery Van","Turning Right","Improper Turn","Normal"," "," "," "," "," "," ",0,1,1,0,0,0,0,0,0,0,0,0,111,"Rockcliffe-Smythe (111)",189,1,99.04,23,75,24,24100
"190",80563229,6001076116,2016,2016-06-20,1300,13,"ORMEROD ST","VERNE CRES","32 m East of","Local","Scarborough","23","42",43.795184,-79.237384,"Intersection","Intersection Related","No Control","Clear","Daylight","Dry","Non-Fatal Injury","Cyclist Collisions","Driver","50 to 54","None",0,"West","Automobile, Station Wagon","Overtaking","Improper Passing","Normal"," "," "," "," "," "," ",0,1,1,0,0,0,0,0,0,1,0,0,132,"Malvern (132)",190,0,99.27,26,49,31.2,24100
"191",80563230,6001076116,2016,2016-06-20,1300,13,"ORMEROD ST","VERNE CRES","32 m East of","Local","Scarborough","23","42",43.795184,-79.237384,"Intersection","Intersection Related","No Control","Clear","Daylight","Dry","Non-Fatal Injury","Cyclist Collisions","Cyclist","65 to 69","Major",0,"West","Bicycle","Turning Left"," "," "," "," "," ","Cyclist turned left across motorists path.","Improper Turn","Normal",0,1,1,0,0,0,0,0,0,1,0,0,132,"Malvern (132)",191,0,99.27,26,49,31.2,24100
"192",7397575,1286830,2012,2012-01-24,1300,13,"BATHURST ST","WELLS ST"," ","Major Arterial","Toronto and East York","11","14",43.670045,-79.41319,"Intersection","At Intersection","Traffic Signal","Snow","Daylight","Wet","Non-Fatal Injury","Cyclist Collisions","Truck Driver","30 to 34","None",0,"West","Truck - Open","Turning Left","Failed to Yield Right of Way","Normal"," "," "," "," "," "," ",0,1,0,0,1,0,0,0,0,1,0,0,95,"Annex (95)",192,0,99.43,20,82,0.5,9700
"193",7397576,1286830,2012,2012-01-24,1300,13,"BATHURST ST","WELLS ST"," ","Major Arterial","Toronto and East York","11","14",43.670045,-79.41319,"Intersection","At Intersection","Traffic Signal","Snow","Daylight","Wet","Non-Fatal Injury","Cyclist Collisions","Cyclist","30 to 34","Major",0,"East","Bicycle","Going Ahead"," "," "," "," "," ","Motorist turned left across cyclists path.","Driving Properly","Normal",0,1,0,0,1,0,0,0,0,1,0,0,95,"Annex (95)",193,0,99.43,20,82,0.5,9700
"194",7825626,1359211,2013,2013-06-03,1300,13,"EGLINTON AVE W","PARK HILL RD"," ","Major Arterial","Toronto and East York","12,8","13",43.698445,-79.43729,"Intersection","At Intersection","No Control","Clear","Daylight","Dry","Non-Fatal Injury","Cyclist Collisions","Vehicle Owner","unknown"," ",0," ","Other"," "," "," "," "," "," "," "," "," ",0,1,0,0,0,1,0,0,0,0,0,0,107,"Oakwood Village (107)",194,0,99.49,22,48,14.9,24100
"195",7825627,1359211,2013,2013-06-03,1300,13,"EGLINTON AVE W","PARK HILL RD"," ","Major Arterial","Toronto and East York","12,8","13",43.698445,-79.43729,"Intersection","At Intersection","No Control","Clear","Daylight","Dry","Non-Fatal Injury","Cyclist Collisions","Driver","50 to 54","None",0,"East","Municipal Transit Bus (TTC)","Going Ahead","Driving Properly","Normal"," "," "," "," "," "," ",0,1,0,0,0,1,0,0,0,0,0,0,107,"Oakwood Village (107)",195,0,99.49,22,48,14.9,24100
"196",7825628,1359211,2013,2013-06-03,1300,13,"EGLINTON AVE W","PARK HILL RD"," ","Major Arterial","Toronto and East York","12,8","13",43.698445,-79.43729,"Intersection","At Intersection","No Control","Clear","Daylight","Dry","Non-Fatal Injury","Cyclist Collisions","Cyclist","45 to 49","Major",0,"West","Bicycle","Overtaking"," "," "," "," "," ","Insufficient information (to determine cyclist crash type).","Improper Passing","Normal",0,1,0,0,0,1,0,0,0,0,0,0,107,"Oakwood Village (107)",196,0,99.49,22,48,14.9,24100
"197",5362590,1039584,2008,2008-05-22,1300,13,"EGLINTON AVE W","ELMSTHORPE AVE"," ","Major Arterial","Toronto and East York","12,8","53",43.704245,-79.41029,"Mid-Block"," ","No Control","Clear","Daylight","Dry","Fatal","Cyclist Collisions","Driver","55 to 59","None",0,"East"," ","Going Ahead","Driving Properly","Normal"," "," "," "," "," "," ",0,1,1,0,0,0,0,0,0,0,0,0,103,"Lawrence Park South (103)",197,1,98.56,32,53,12.2,24100
"198",5362591,1039584,2008,2008-05-22,1300,13,"EGLINTON AVE W","ELMSTHORPE AVE"," ","Major Arterial","Toronto and East York","12,8","53",43.704245,-79.41029,"Mid-Block"," ","No Control","Clear","Daylight","Dry","Fatal","Cyclist Collisions","Vehicle Owner","unknown"," ",0," ","Other"," "," "," "," "," "," "," "," "," ",0,1,1,0,0,0,0,0,0,0,0,0,103,"Lawrence Park South (103)",198,1,98.56,32,53,12.2,24100
"199",5362592,1039584,2008,2008-05-22,1300,13,"EGLINTON AVE W","ELMSTHORPE AVE"," ","Major Arterial","Toronto and East York","12,8","53",43.704245,-79.41029,"Mid-Block"," ","No Control","Clear","Daylight","Dry","Fatal","Cyclist Collisions","Driver","40 to 44","None",0,"East","Automobile, Station Wagon","Parked","Other","Inattentive"," "," "," "," "," "," ",0,1,1,0,0,0,0,0,0,0,0,0,103,"Lawrence Park South (103)",199,1,98.56,32,53,12.2,24100
"200",5362593,1039584,2008,2008-05-22,1300,13,"EGLINTON AVE W","ELMSTHORPE AVE"," ","Major Arterial","Toronto and East York","12,8","53",43.704245,-79.41029,"Mid-Block"," ","No Control","Clear","Daylight","Dry","Fatal","Cyclist Collisions","Cyclist","55 to 59","Fatal",20,"East","Bicycle","Going Ahead"," "," "," "," "," ","Cyclist struck opened vehicle door","Driving Properly","Unknown",0,1,1,0,0,0,0,0,0,0,0,0,103,"Lawrence Park South (103)",200,1,98.56,32,53,12.2,24100
"201",80951038,8001650785,2018,2018-09-06,1300,13,"ANTHONY RD","NAJIB ABBOUD LANE"," ","Local","North York","6","32",43.730696,-79.459316,"Intersection","At Intersection","No Control","Clear","Daylight","Dry","Non-Fatal Injury","Cyclist Collisions","Cyclist","30 to 34","Major",0,"South","Bicycle","Going Ahead"," "," "," "," "," ","Cyclist without ROW rides into path of motorist at inter, lnwy, dwy-Cyclist not turn.","Failed to Yield Right of Way","Inattentive",0,1,1,0,0,0,0,1,0,0,0,0,26,"Downsview-Roding-CFB (26)",201,0,100.34,11,65,23.9,24100
"202",80255750,5001934875,2015,2015-11-10,1000,9,"DUNMAIL DR","BLUE EAGLE TRL","15 m West of","Local","Scarborough","23","42",43.804766,-79.284869,"Intersection","Non Intersection","No Control","Clear","Daylight","Dry","Non-Fatal Injury","Cyclist Collisions","Driver","45 to 49","None",0,"West","Automobile, Station Wagon","Making U Turn","Improper Turn","Inattentive"," "," "," "," "," "," ",0,1,1,0,0,0,0,0,0,0,0,0,129,"Agincourt North (129)",202,0,99.92,11,80,5.2,12900
"203",80951040,8001650785,2018,2018-09-06,1300,13,"ANTHONY RD","NAJIB ABBOUD LANE"," ","Local","North York","6","32",43.730696,-79.459316,"Intersection","At Intersection","No Control","Clear","Daylight","Dry","Non-Fatal Injury","Cyclist Collisions","Passenger","45 to 49","None",0," "," "," "," "," "," "," "," "," "," "," ",0,1,1,0,0,0,0,1,0,0,0,0,26,"Downsview-Roding-CFB (26)",203,0,100.34,11,65,23.9,24100
"204",80791543,7001187926,2017,2017-07-03,1300,13,"ST CLAIR AVE W","AVENUE RD"," ","Major Arterial","Toronto and East York","12","53",43.686568,-79.401454,"Intersection","At Intersection","Traffic Signal","Clear","Daylight","Dry","Non-Fatal Injury","Cyclist Collisions","Cyclist","55 to 59","Major",0,"East","Bicycle","Turning Left"," "," "," "," "," ","Cyclist turned left across motorists path.","Improper Turn","Normal",0,1,0,0,0,1,0,0,0,0,0,0,97,"Yonge-St.Clair (97)",204,0,99.65,13,47,23.8,24100
"205",80791544,7001187926,2017,2017-07-03,1300,13,"ST CLAIR AVE W","AVENUE RD"," ","Major Arterial","Toronto and East York","12","53",43.686568,-79.401454,"Intersection","At Intersection","Traffic Signal","Clear","Daylight","Dry","Non-Fatal Injury","Cyclist Collisions","Driver","45 to 49","None",0,"East","Street Car","Going Ahead","Driving Properly","Inattentive"," "," "," "," "," "," ",0,1,0,0,0,1,0,0,0,0,0,0,97,"Yonge-St.Clair (97)",205,0,99.65,13,47,23.8,24100
"206",80255751,5001934875,2015,2015-11-10,1000,9,"DUNMAIL DR","BLUE EAGLE TRL","15 m West of","Local","Scarborough","23","42",43.804766,-79.284869,"Intersection","Non Intersection","No Control","Clear","Daylight","Dry","Non-Fatal Injury","Cyclist Collisions","Cyclist","55 to 59","Major",0,"West","Bicycle","Going Ahead"," "," "," "," "," ","Motorist turning right on red at signalized intersection strikes cyclist.","Driving Properly","Normal",0,1,1,0,0,0,0,0,0,0,0,0,129,"Agincourt North (129)",206,0,99.92,11,80,5.2,12900