"","Index_","ACCNUM","YEAR","DATE","TIME","Hour","STREET1","STREET2","OFFSET","ROAD_CLASS","District","WardNum","Division","LATITUDE","LONGITUDE","LOCCOORD","ACCLOC","TRAFFCTL","VISIBILITY","LIGHT","RDSFCOND","ACCLASS","IMPACTYPE","INVTYPE","INVAGE","INJURY","FATAL_NO","INITDIR","VEHTYPE","MANOEUVER","DRIVACT","DRIVCOND","PEDTYPE","PEDACT","PEDCOND","CYCLISTYPE","CYCACT","CYCCOND","PEDESTRIAN","CYCLIST","AUTOMOBILE","MOTORCYCLE","TRUCK","TRSN_CITY_","EMERG_VEH","PASSENGER","SPEEDING","AG_DRIV","REDLIGHT","ALCOHOL","Hood_ID","Neighbourh","ObjectId","isFATAL","pressure_station","wind_speed","relative_humidity","temperature","visibility_value"
"311",7441269,1305388,2012,2012-06-04,1000,10,"LOBB AVE","SHAW ST"," ","Collector","Toronto and East York","10","14",43.646945,-79.41709,"Intersection","At Intersection","Traffic Signal","Clear","Daylight","Dry","Non-Fatal Injury","Cyclist Collisions","Driver","50 to 54","None",0,"North","Automobile, Station Wagon","Turning Left","Failed to Yield Right of Way","Normal"," "," "," "," "," "," ",0,1,1,0,0,0,0,0,0,1,0,0,81,"Trinity-Bellwoods (81)",311,0,98.81,17,82,14.7,24100
"312",7441270,1305388,2012,2012-06-04,1000,10,"LOBB AVE","SHAW ST"," ","Collector","Toronto and East York","10","14",43.646945,-79.41709,"Intersection","At Intersection","Traffic Signal","Clear","Daylight","Dry","Non-Fatal Injury","Cyclist Collisions","Cyclist","30 to 34","Major",0,"East","Bicycle","Going Ahead"," "," "," "," "," ","Motorist turned left across cyclists path.","Driving Properly","Normal",0,1,1,0,0,0,0,0,0,1,0,0,81,"Trinity-Bellwoods (81)",312,0,98.81,17,82,14.7,24100
"313",80775127,7000451642,2017,2017-03-13,1000,10,"BRIMWOOD BLVD","WELLPARK BLVD","4 m East of","Collector","Scarborough","23","42",43.81272,-79.274318,"Intersection","At Intersection","Stop Sign","Clear","Daylight","Dry","Non-Fatal Injury","Cyclist Collisions","Cyclist","70 to 74","Major",0,"South","Bicycle","Turning Left"," "," "," "," "," ","Cyclist turned left across motorists path.","Failed to Yield Right of Way","Inattentive",0,1,1,0,0,0,0,0,0,0,0,0,129,"Agincourt North (129)",313,0,101,15,45,-8.5,24100
"314",80775128,7000451642,2017,2017-03-13,1000,10,"BRIMWOOD BLVD","WELLPARK BLVD","4 m East of","Collector","Scarborough","23","42",43.81272,-79.274318,"Intersection","At Intersection","Stop Sign","Clear","Daylight","Dry","Non-Fatal Injury","Cyclist Collisions","Driver","45 to 49","None",0,"East","Automobile, Station Wagon","Going Ahead","Driving Properly","Normal"," "," "," "," "," "," ",0,1,1,0,0,0,0,0,0,0,0,0,129,"Agincourt North (129)",314,0,101,15,45,-8.5,24100
"315",5860380,1121120,2009,2009-07-17,1000,10,"HARBORD ST","SPADINA AVE"," ","Major Arterial","Toronto and East York","11","14,52",43.663045,-79.40209,"Intersection","At Intersection","Traffic Signal","Clear","Daylight","Dry","Non-Fatal Injury","Cyclist Collisions","Driver","35 to 39","None",0,"East","Automobile, Station Wagon","Turning Right","Improper Turn","Normal"," "," "," "," "," "," ",0,1,1,0,0,0,0,0,0,0,0,0,79,"University (79)",315,0,98.74,17,61,21,24100
"316",5860381,1121120,2009,2009-07-17,1000,10,"HARBORD ST","SPADINA AVE"," ","Major Arterial","Toronto and East York","11","14,52",43.663045,-79.40209,"Intersection","At Intersection","Traffic Signal","Clear","Daylight","Dry","Non-Fatal Injury","Cyclist Collisions","Cyclist","25 to 29","Major",0,"East","Bicycle","Going Ahead"," "," "," "," "," ","Motorist turning right on red at signalized intersection strikes cyclist.","Driving Properly","Normal",0,1,1,0,0,0,0,0,0,0,0,0,79,"University (79)",316,0,98.74,17,61,21,24100
"317",80159363,4002018320,2014,2014-05-05,1000,10,"WOODBINE AVE","KINGSTON RD"," ","Major Arterial","Toronto and East York","19","55",43.673918,-79.307918,"Intersection","At Intersection","Traffic Signal","Clear","Daylight","Dry","Non-Fatal Injury","Cyclist Collisions","Cyclist","50 to 54","Major",0,"North","Bicycle","Going Ahead"," "," "," "," "," ","Motorist turned left across cyclists path.","Driving Properly","Normal",0,1,1,0,0,0,0,1,0,1,0,0,63,"The Beaches (63)",317,0,99.7,13,50,9.9,24100
"318",80159364,4002018320,2014,2014-05-05,1000,10,"WOODBINE AVE","KINGSTON RD"," ","Major Arterial","Toronto and East York","19","55",43.673918,-79.307918,"Intersection","At Intersection","Traffic Signal","Clear","Daylight","Dry","Non-Fatal Injury","Cyclist Collisions","Driver","45 to 49","None",0,"South","Automobile, Station Wagon","Turning Left","Failed to Yield Right of Way","Normal"," "," "," "," "," "," ",0,1,1,0,0,0,0,1,0,1,0,0,63,"The Beaches (63)",318,0,99.7,13,50,9.9,24100
"319",80159365,4002018320,2014,2014-05-05,1000,10,"WOODBINE AVE","KINGSTON RD"," ","Major Arterial","Toronto and East York","19","55",43.673918,-79.307918,"Intersection","At Intersection","Traffic Signal","Clear","Daylight","Dry","Non-Fatal Injury","Cyclist Collisions","Passenger","20 to 24","None",0," "," "," "," "," "," "," "," "," "," "," ",0,1,1,0,0,0,0,1,0,1,0,0,63,"The Beaches (63)",319,0,99.7,13,50,9.9,24100
"320",5302050,1132051,2009,2009-09-24,1000,10,"CHURCH ST","GOULD ST"," ","Minor Arterial","Toronto and East York","13","51",43.658745,-79.37809,"Mid-Block"," ","No Control","Clear","Daylight","Dry","Non-Fatal Injury","Cyclist Collisions","Driver","unknown","None",0,"South","Automobile, Station Wagon","Parked","Other","Inattentive"," "," "," "," "," "," ",0,1,1,0,0,0,0,0,0,0,0,0,75,"Church-Yonge Corridor (75)",320,0,100.05,7,82,17.7,24100
"321",5302051,1132051,2009,2009-09-24,1000,10,"CHURCH ST","GOULD ST"," ","Minor Arterial","Toronto and East York","13","51",43.658745,-79.37809,"Mid-Block"," ","No Control","Clear","Daylight","Dry","Non-Fatal Injury","Cyclist Collisions","Cyclist","20 to 24","Major",0,"South","Bicycle","Slowing or Stopping"," "," "," "," "," ","Cyclist struck opened vehicle door","Driving Properly","Normal",0,1,1,0,0,0,0,0,0,0,0,0,75,"Church-Yonge Corridor (75)",321,0,100.05,7,82,17.7,24100
"322",7448107,1308128,2012,2012-07-06,1000,10,"STEELES AVE E","BIRCHMOUNT RD"," ","Major Arterial","Scarborough","22","42",43.821345,-79.31689,"Intersection","At Intersection","Traffic Signal","Clear","Daylight","Dry","Non-Fatal Injury","Cyclist Collisions","Vehicle Owner","unknown"," ",0," ","Other"," "," "," "," "," "," "," "," "," ",0,1,1,0,0,0,0,0,0,1,0,0,116,"Steeles (116)",322,0,99.23,17,45,31.9,19300
"323",7448108,1308128,2012,2012-07-06,1000,10,"STEELES AVE E","BIRCHMOUNT RD"," ","Major Arterial","Scarborough","22","42",43.821345,-79.31689,"Intersection","At Intersection","Traffic Signal","Clear","Daylight","Dry","Non-Fatal Injury","Cyclist Collisions","Driver","55 to 59","None",0,"West","Automobile, Station Wagon","Turning Left","Failed to Yield Right of Way","Normal"," "," "," "," "," "," ",0,1,1,0,0,0,0,0,0,1,0,0,116,"Steeles (116)",323,0,99.23,17,45,31.9,19300
"324",7448109,1308128,2012,2012-07-06,1000,10,"STEELES AVE E","BIRCHMOUNT RD"," ","Major Arterial","Scarborough","22","42",43.821345,-79.31689,"Intersection","At Intersection","Traffic Signal","Clear","Daylight","Dry","Non-Fatal Injury","Cyclist Collisions","Cyclist","75 to 79","Major",0,"West","Bicycle","Going Ahead"," "," "," "," "," ","Motorist turned left across cyclists path.","Driving Properly","Normal",0,1,1,0,0,0,0,0,0,1,0,0,116,"Steeles (116)",324,0,99.23,17,45,31.9,19300
"325",80894961,7001528499,2017,2017-08-23,1000,10,"MAIN ST","GERRARD  ST E"," ","Minor Arterial","Toronto and East York","19","55",43.683879,-79.300121,"Intersection","At Intersection","Traffic Signal","Clear","Daylight","Dry","Non-Fatal Injury","Cyclist Collisions","Driver","45 to 49","None",0,"South","Automobile, Station Wagon","Going Ahead","Driving Properly","Normal"," "," "," "," "," "," ",0,1,1,0,0,0,0,0,0,0,0,0,62,"East End-Danforth (62)",325,0,99.02,28,65,19.7,24100
"326",80894962,7001528499,2017,2017-08-23,1000,10,"MAIN ST","GERRARD  ST E"," ","Minor Arterial","Toronto and East York","19","55",43.683879,-79.300121,"Intersection","At Intersection","Traffic Signal","Clear","Daylight","Dry","Non-Fatal Injury","Cyclist Collisions","Cyclist","25 to 29","Major",0,"East","Bicycle","Going Ahead"," "," "," "," "," ","Cyclist without ROW rides into path of motorist at inter, lnwy, dwy-Cyclist not turn.","Driving Properly","Normal",0,1,1,0,0,0,0,0,0,0,0,0,62,"East End-Danforth (62)",326,0,99.02,28,65,19.7,24100
"327",7433404,1302130,2012,2012-05-10,1000,10,"DUNDAS ST W","GORE VALE AVE"," ","Major Arterial","Toronto and East York","10,11","14",43.650845,-79.41339,"Intersection"," ","No Control","Clear","Daylight","Dry","Non-Fatal Injury","Cyclist Collisions","Vehicle Owner","unknown"," ",0," ","Other"," "," "," "," "," "," "," "," "," ",0,1,1,0,0,0,0,0,0,1,0,0,81,"Trinity-Bellwoods (81)",327,0,98.79,17,62,11.1,24100
"328",7433405,1302130,2012,2012-05-10,1000,10,"DUNDAS ST W","GORE VALE AVE"," ","Major Arterial","Toronto and East York","10,11","14",43.650845,-79.41339,"Intersection"," ","No Control","Clear","Daylight","Dry","Non-Fatal Injury","Cyclist Collisions","Driver","25 to 29","None",0,"East","Automobile, Station Wagon","Going Ahead","Improper Passing","Normal"," "," "," "," "," "," ",0,1,1,0,0,0,0,0,0,1,0,0,81,"Trinity-Bellwoods (81)",328,0,98.79,17,62,11.1,24100
"329",7433406,1302130,2012,2012-05-10,1000,10,"DUNDAS ST W","GORE VALE AVE"," ","Major Arterial","Toronto and East York","10,11","14",43.650845,-79.41339,"Intersection"," ","No Control","Clear","Daylight","Dry","Non-Fatal Injury","Cyclist Collisions","Cyclist","65 to 69","Major",0,"East","Bicycle","Going Ahead"," "," "," "," "," ","Cyclist and Driver travelling in same direction. One vehicle sideswipes the other.","Driving Properly","Normal",0,1,1,0,0,0,0,0,0,1,0,0,81,"Trinity-Bellwoods (81)",329,0,98.79,17,62,11.1,24100
"330",7888883,1386246,2013,2013-06-23,1000,10,"1491 LAKE SHORE BLVD W"," "," ","Major Arterial","Toronto and East York","4","14",43.635951,-79.442912,"Mid-Block","Non Intersection","Stop Sign","Clear","Daylight","Dry","Non-Fatal Injury","Cyclist Collisions","Driver","40 to 44","None",0,"North","Automobile, Station Wagon","Going Ahead","Failed to Yield Right of Way","Inattentive"," "," "," "," "," "," ",0,1,1,0,0,0,0,0,0,1,0,0,85,"South Parkdale (85)",330,0,99.68,12,78,25.3,16100
"331",7888884,1386246,2013,2013-06-23,1000,10,"1491 LAKE SHORE BLVD W"," "," ","Major Arterial","Toronto and East York","4","14",43.635951,-79.442912,"Mid-Block","Non Intersection","Stop Sign","Clear","Daylight","Dry","Non-Fatal Injury","Cyclist Collisions","Cyclist","25 to 29","Major",0,"West","Bicycle","Going Ahead"," "," "," "," "," ","Motorist without ROW drives into path of cyclist at inter, lnwy, dwy-Driver not turn.","Driving Properly","Normal",0,1,1,0,0,0,0,0,0,1,0,0,85,"South Parkdale (85)",331,0,99.68,12,78,25.3,16100
"332",7893578,1387944,2013,2013-10-09,1000,10,"DAVENPORT RD","MOUNT ROYAL AVE"," ","Minor Arterial","Toronto and East York","9","13",43.674498,-79.432582,"Intersection","At Intersection","No Control","Clear","Daylight","Dry","Non-Fatal Injury","Cyclist Collisions","Vehicle Owner","unknown"," ",0," "," "," "," "," "," "," "," "," "," "," ",0,1,1,0,0,0,0,0,0,0,0,0,94,"Wychwood (94)",332,0,100.8,7,78,14.1,24100
"333",7893579,1387944,2013,2013-10-09,1000,10,"DAVENPORT RD","MOUNT ROYAL AVE"," ","Minor Arterial","Toronto and East York","9","13",43.674498,-79.432582,"Intersection","At Intersection","No Control","Clear","Daylight","Dry","Non-Fatal Injury","Cyclist Collisions","Driver","45 to 49","None",0,"West","Delivery Van","Turning Right","Improper Turn","Inattentive"," "," "," "," "," "," ",0,1,1,0,0,0,0,0,0,0,0,0,94,"Wychwood (94)",333,0,100.8,7,78,14.1,24100
"334",7893580,1387944,2013,2013-10-09,1000,10,"DAVENPORT RD","MOUNT ROYAL AVE"," ","Minor Arterial","Toronto and East York","9","13",43.674498,-79.432582,"Intersection","At Intersection","No Control","Clear","Daylight","Dry","Non-Fatal Injury","Cyclist Collisions","Cyclist","50 to 54","Major",0,"West","Bicycle","Going Ahead"," "," "," "," "," ","Motorist turns right at non-signal Inter.(stop, yield, no cont.,and dwy) and strikes cyclist.","Driving Properly","Normal",0,1,1,0,0,0,0,0,0,0,0,0,94,"Wychwood (94)",334,0,100.8,7,78,14.1,24100
"335",6176857,1183570,2010,2010-07-05,1000,10,"COSBURN Ave","WOODBINE Ave"," ","Major Arterial","Toronto and East York","19","54",43.696445,-79.31739,"Intersection","At Intersection","Traffic Signal","Clear","Daylight","Dry","Non-Fatal Injury","Cyclist Collisions","Driver","45 to 49","None",0,"West","Automobile, Station Wagon","Going Ahead","Driving Properly","Normal"," "," "," "," "," "," ",0,1,1,0,0,0,0,0,0,0,0,0,60,"Woodbine-Lumsden (60)",335,0,99.4,17,72,29.7,16100
"336",6176858,1183570,2010,2010-07-05,1000,10,"COSBURN Ave","WOODBINE Ave"," ","Major Arterial","Toronto and East York","19","54",43.696445,-79.31739,"Intersection","At Intersection","Traffic Signal","Clear","Daylight","Dry","Non-Fatal Injury","Cyclist Collisions","Cyclist","45 to 49","Major",0,"East","Bicycle","Turning Left"," "," "," "," "," ","Cyclist turned left across motorists path.","Improper Turn","Inattentive",0,1,1,0,0,0,0,0,0,0,0,0,60,"Woodbine-Lumsden (60)",336,0,99.4,17,72,29.7,16100
"337",6636567,1237364,2011,2011-04-05,1000,10,"JARVIS ST","WELLESLEY ST E"," ","Major Arterial","Toronto and East York","13","51",43.666245,-79.37829,"Intersection","At Intersection","Traffic Signal","Clear","Daylight","Dry","Non-Fatal Injury","Cyclist Collisions","Driver","65 to 69","None",0,"South","Automobile, Station Wagon","Going Ahead","Driving Properly","Normal"," "," "," "," "," "," ",0,1,1,0,0,0,0,0,0,0,0,0,71,"Cabbagetown-South St.James Town (71)",337,0,97.83,37,65,3.1,24100
"338",6636568,1237364,2011,2011-04-05,1000,10,"JARVIS ST","WELLESLEY ST E"," ","Major Arterial","Toronto and East York","13","51",43.666245,-79.37829,"Intersection","At Intersection","Traffic Signal","Clear","Daylight","Dry","Non-Fatal Injury","Cyclist Collisions","Cyclist","65 to 69","Major",0,"South","Bicycle","Overtaking"," "," "," "," "," ","Cyclist and Driver travelling in same direction. One vehicle sideswipes the other.","Improper Passing","Normal",0,1,1,0,0,0,0,0,0,0,0,0,71,"Cabbagetown-South St.James Town (71)",338,0,97.83,37,65,3.1,24100
"339",5279428,1122151,2009,2009-09-01,1000,10,"MC CAUL St","ORDE St"," ","Collector","Toronto and East York","11","52",43.658445,-79.39319,"Mid-Block","At Intersection","No Control","Clear","Daylight","Dry","Non-Fatal Injury","Cyclist Collisions","Driver","40 to 44","None",0,"North","Automobile, Station Wagon","Going Ahead","Driving Properly","Normal"," "," "," "," "," "," ",0,1,1,0,0,0,0,0,0,0,0,0,78,"Kensington-Chinatown (78)",339,0,100.69,11,64,17,24100
"340",5279429,1122151,2009,2009-09-01,1000,10,"MC CAUL St","ORDE St"," ","Collector","Toronto and East York","11","52",43.658445,-79.39319,"Mid-Block","At Intersection","No Control","Clear","Daylight","Dry","Non-Fatal Injury","Cyclist Collisions","Driver","65 to 69","None",0,"North","Automobile, Station Wagon","Parked","Other","Inattentive"," "," "," "," "," "," ",0,1,1,0,0,0,0,0,0,0,0,0,78,"Kensington-Chinatown (78)",340,0,100.69,11,64,17,24100
"341",5279430,1122151,2009,2009-09-01,1000,10,"MC CAUL St","ORDE St"," ","Collector","Toronto and East York","11","52",43.658445,-79.39319,"Mid-Block","At Intersection","No Control","Clear","Daylight","Dry","Non-Fatal Injury","Cyclist Collisions","Cyclist","30 to 34","Major",0,"North","Bicycle","Going Ahead"," "," "," "," "," ","Cyclist struck opened vehicle door","Driving Properly","Normal",0,1,1,0,0,0,0,0,0,0,0,0,78,"Kensington-Chinatown (78)",341,0,100.69,11,64,17,24100
"342",6717518,1272062,2011,2011-10-31,1000,10,"240 WELLESLEY St E"," "," ","Minor Arterial","Toronto and East York","13","51",43.667845,-79.37089,"Intersection"," ","No Control","Clear","Daylight","Dry","Non-Fatal Injury","Cyclist Collisions","Vehicle Owner","unknown"," ",0," ","Other"," "," "," "," "," "," "," "," "," ",0,1,0,0,1,0,0,0,0,0,0,0,71,"Cabbagetown-South St.James Town (71)",342,0,100.15,7,86,7.1,19300
"343",6717519,1272062,2011,2011-10-31,1000,10,"240 WELLESLEY St E"," "," ","Minor Arterial","Toronto and East York","13","51",43.667845,-79.37089,"Intersection"," ","No Control","Clear","Daylight","Dry","Non-Fatal Injury","Cyclist Collisions","Truck Driver","60 to 64","None",0,"South","Truck - Open","Turning Right","Driving Properly","Normal"," "," "," "," "," "," ",0,1,0,0,1,0,0,0,0,0,0,0,71,"Cabbagetown-South St.James Town (71)",343,0,100.15,7,86,7.1,19300
"344",6717520,1272062,2011,2011-10-31,1000,10,"240 WELLESLEY St E"," "," ","Minor Arterial","Toronto and East York","13","51",43.667845,-79.37089,"Intersection"," ","No Control","Clear","Daylight","Dry","Non-Fatal Injury","Cyclist Collisions","Cyclist","30 to 34","Major",0,"South","Bicycle","Turning Right"," "," "," "," "," ","Motorist turns right at non-signal Inter.(stop, yield, no cont.,and dwy) and strikes cyclist.","Other","Normal",0,1,0,0,1,0,0,0,0,0,0,0,71,"Cabbagetown-South St.James Town (71)",344,0,100.15,7,86,7.1,19300
"345",80157491,4001888181,2014,2014-04-14,1000,10,"REXDALE BLVD","HUMBERWOOD BLVD"," ","Major Arterial","Etobicoke York","1","23",43.72042,-79.609165,"Mid-Block","Non Intersection","No Control","Clear","Daylight","Dry","Non-Fatal Injury","Cyclist Collisions","Driver","unknown","None",0,"West","Automobile, Station Wagon","Going Ahead","Improper Passing","Unknown"," "," "," "," "," "," ",0,1,1,0,0,0,0,0,0,1,0,0,1,"West Humber-Clairville (1)",345,0,97.96,21,56,18.5,24100
"346",80157492,4001888181,2014,2014-04-14,1000,10,"REXDALE BLVD","HUMBERWOOD BLVD"," ","Major Arterial","Etobicoke York","1","23",43.72042,-79.609165,"Mid-Block","Non Intersection","No Control","Clear","Daylight","Dry","Non-Fatal Injury","Cyclist Collisions","Cyclist","55 to 59","Major",0,"West","Bicycle","Going Ahead"," "," "," "," "," ","Cyclist and Driver travelling in same direction. One vehicle sideswipes the other.","Driving Properly","Normal",0,1,1,0,0,0,0,0,0,1,0,0,1,"West Humber-Clairville (1)",346,0,97.96,21,56,18.5,24100
"347",80239413,5000858647,2015,2015-05-23,1000,10,"MARINE PARADE DR","PARK LAWN RD"," ","Major Arterial","Etobicoke York","3","22",43.622958,-79.481197,"Intersection","At Intersection","Traffic Signal","Clear","Daylight","Dry","Non-Fatal Injury","Cyclist Collisions","Driver","50 to 54","None",0,"East","Automobile, Station Wagon","Turning Right","Failed to Yield Right of Way","Normal"," "," "," "," "," "," ",0,1,1,0,0,0,0,0,0,1,0,0,17,"Mimico (includes Humber Bay Shores) (17)",347,0,100.91,16,34,12,24100
"348",80239414,5000858647,2015,2015-05-23,1000,10,"MARINE PARADE DR","PARK LAWN RD"," ","Major Arterial","Etobicoke York","3","22",43.622958,-79.481197,"Intersection","At Intersection","Traffic Signal","Clear","Daylight","Dry","Non-Fatal Injury","Cyclist Collisions","Cyclist","45 to 49","Major",0,"East","Bicycle","Going Ahead"," "," "," "," "," ","Motorist turns right at non-signal Inter.(stop, yield, no cont.,and dwy) and strikes cyclist.","Driving Properly","Normal",0,1,1,0,0,0,0,0,0,1,0,0,17,"Mimico (includes Humber Bay Shores) (17)",348,0,100.91,16,34,12,24100
"349",80771534,7001016401,2017,2017-06-08,1000,10,"DAVENPORT RD","AVENUE RD","100 m East of","Major Arterial","Toronto and East York","11","53",43.674872,-79.395358,"Mid-Block","Non Intersection","No Control","Clear","Daylight","Dry","Non-Fatal Injury","Cyclist Collisions","Truck Driver","35 to 39","None",0,"East","Truck - Closed (Blazer, etc)","Going Ahead","Other","Normal"," "," "," "," "," "," ",0,1,0,0,1,0,0,0,0,0,0,0,95,"Annex (95)",349,0,99.69,9,45,20.5,24100
"350",80771535,7001016401,2017,2017-06-08,1000,10,"DAVENPORT RD","AVENUE RD","100 m East of","Major Arterial","Toronto and East York","11","53",43.674872,-79.395358,"Mid-Block","Non Intersection","No Control","Clear","Daylight","Dry","Non-Fatal Injury","Cyclist Collisions","Cyclist","20 to 24","Major",0,"East","Bicycle","Going Ahead"," "," "," "," "," ","Cyclist and Driver travelling in same direction. One vehicle sideswipes the other.","Other","Normal",0,1,0,0,1,0,0,0,0,0,0,0,95,"Annex (95)",350,0,99.69,9,45,20.5,24100
"351",5863080,1140607,2009,2009-11-06,1000,10,"GROSVENOR ST","BAY ST"," ","Collector","Toronto and East York","11","52",43.662245,-79.38739,"Mid-Block"," ","No Control","Clear","Daylight","Dry","Non-Fatal Injury","Sideswipe","Moped Driver","35 to 39","Major",0,"West","Moped","Overtaking","Improper Passing","Normal"," "," "," "," "," "," ",0,1,1,0,0,0,0,0,0,1,0,0,76,"Bay Street Corridor (76)",351,0,100.76,9,69,1.5,24100
"352",5863081,1140607,2009,2009-11-06,1000,10,"GROSVENOR ST","BAY ST"," ","Collector","Toronto and East York","11","52",43.662245,-79.38739,"Mid-Block"," ","No Control","Clear","Daylight","Dry","Non-Fatal Injury","Sideswipe","Driver","55 to 59","None",0,"West","Automobile, Station Wagon","Pulling Away from Shoulder or Curb","Failed to Yield Right of Way","Normal"," "," "," "," "," "," ",0,1,1,0,0,0,0,0,0,1,0,0,76,"Bay Street Corridor (76)",352,0,100.76,9,69,1.5,24100
"353",80974029,8002001180,2018,2018-10-30,1000,10,"STEELES AVE E","WARDEN AVE"," ","Major Arterial","Scarborough","22","42",43.81956,-79.324397,"Intersection","At Intersection","Traffic Signal","Clear","Daylight","Dry","Non-Fatal Injury","Cyclist Collisions","Cyclist","80 to 84","Major",0,"North","Bicycle","Turning Right"," "," "," "," "," ","Cyclist turns right across motorists path","Failed to Yield Right of Way","Normal",0,1,1,0,0,0,0,0,0,0,0,0,116,"Steeles (116)",353,0,99.89,10,77,5.5,24100
"354",80974030,8002001180,2018,2018-10-30,1000,10,"STEELES AVE E","WARDEN AVE"," ","Major Arterial","Scarborough","22","42",43.81956,-79.324397,"Intersection","At Intersection","Traffic Signal","Clear","Daylight","Dry","Non-Fatal Injury","Cyclist Collisions","Driver","45 to 49","None",0,"North","Automobile, Station Wagon","Turning Right","Driving Properly","Normal"," "," "," "," "," "," ",0,1,1,0,0,0,0,0,0,0,0,0,116,"Steeles (116)",354,0,99.89,10,77,5.5,24100
"355",5384800,1049419,2008,2008-06-30,1000,10,"DUNDAS ST W","LANSDOWNE AVE"," ","Minor Arterial","Toronto and East York","9","11",43.650145,-79.43929,"Mid-Block"," ","No Control","Clear","Daylight","Dry","Non-Fatal Injury","Cyclist Collisions","Driver","45 to 49","None",0,"East","Automobile, Station Wagon","Parked","Other","Normal"," "," "," "," "," "," ",0,1,1,0,0,0,0,0,0,0,0,0,83,"Dufferin Grove (83)",355,0,98.68,9,72,19.8,24100
"356",5384801,1049419,2008,2008-06-30,1000,10,"DUNDAS ST W","LANSDOWNE AVE"," ","Minor Arterial","Toronto and East York","9","11",43.650145,-79.43929,"Mid-Block"," ","No Control","Clear","Daylight","Dry","Non-Fatal Injury","Cyclist Collisions","Cyclist","20 to 24","Major",0,"East","Bicycle","Going Ahead"," "," "," "," "," ","Cyclist struck opened vehicle door","Driving Properly","Normal",0,1,1,0,0,0,0,0,0,0,0,0,83,"Dufferin Grove (83)",356,0,98.68,9,72,19.8,24100
"357",7835237,1363452,2013,2013-05-20,1000,10,"LAKE SHORE BLVD W","REES ST"," ","Expressway","Toronto and East York","10","52",43.639945,-79.38699,"Intersection","At Intersection","Traffic Signal","Clear","Daylight","Dry","Non-Fatal Injury","Cyclist Collisions","Driver","35 to 39","None",0,"East","Automobile, Station Wagon","Turning Right","Improper Turn","Inattentive"," "," "," "," "," "," ",0,1,1,0,0,0,0,0,0,0,0,0,77,"Waterfront Communities-The Island (77)",357,0,99.48,9,77,21,24100
"358",7835238,1363452,2013,2013-05-20,1000,10,"LAKE SHORE BLVD W","REES ST"," ","Expressway","Toronto and East York","10","52",43.639945,-79.38699,"Intersection","At Intersection","Traffic Signal","Clear","Daylight","Dry","Non-Fatal Injury","Cyclist Collisions","Cyclist","50 to 54","Major",0,"East","Bicycle","Going Ahead"," "," "," "," "," ","Cyclist without ROW rides into path of motorist at inter, lnwy, dwy-Cyclist not turn.","Disobeyed Traffic Control","Inattentive",0,1,1,0,0,0,0,0,0,0,0,0,77,"Waterfront Communities-The Island (77)",358,0,99.48,9,77,21,24100
"359",80487297,5001261641,2015,2015-07-24,1000,10,"SPADINA AVE","ST ANDREW ST","5 m North of","Major Arterial","Toronto and East York","11","14,52",43.654383,-79.398639,"Intersection","Intersection Related","Traffic Signal","Clear","Daylight","Dry","Non-Fatal Injury","Cyclist Collisions","Driver","20 to 24","None",0,"South","Automobile, Station Wagon","Going Ahead","Improper Passing","Inattentive"," "," "," "," "," "," ",0,1,1,0,0,0,0,0,0,1,0,0,78,"Kensington-Chinatown (78)",359,0,99.52,8,37,24.7,24100
"360",80487298,5001261641,2015,2015-07-24,1000,10,"SPADINA AVE","ST ANDREW ST","5 m North of","Major Arterial","Toronto and East York","11","14,52",43.654383,-79.398639,"Intersection","Intersection Related","Traffic Signal","Clear","Daylight","Dry","Non-Fatal Injury","Cyclist Collisions","Cyclist","65 to 69","Major",0,"South","Bicycle","Going Ahead"," "," "," "," "," ","Cyclist and Driver travelling in same direction. One vehicle sideswipes the other.","Driving Properly","Normal",0,1,1,0,0,0,0,0,0,1,0,0,78,"Kensington-Chinatown (78)",360,0,99.52,8,37,24.7,24100
"361",80150374,4001460471,2014,2014-02-03,1000,10,"OLD WESTON RD","ROGERS RD"," ","Minor Arterial","Toronto and East York","9,5","12",43.681517,-79.467433,"Mid-Block","Non Intersection","No Control","Clear","Daylight","Dry","Non-Fatal Injury","Cyclist Collisions","Driver","25 to 29","None",0,"South","Automobile, Station Wagon","Going Ahead","Driving Properly","Normal"," "," "," "," "," "," ",0,1,1,0,0,0,0,0,0,0,0,0,110,"Keelesdale-Eglinton West (110)",361,0,100.52,6,74,-8.8,24100