"","Index_","ACCNUM","YEAR","DATE","TIME","Hour","STREET1","STREET2","OFFSET","ROAD_CLASS","District","WardNum","Division","LATITUDE","LONGITUDE","LOCCOORD","ACCLOC","TRAFFCTL","VISIBILITY","LIGHT","RDSFCOND","ACCLASS","IMPACTYPE","INVTYPE","INVAGE","INJURY","FATAL_NO","INITDIR","VEHTYPE","MANOEUVER","DRIVACT","DRIVCOND","PEDTYPE","PEDACT","PEDCOND","CYCLISTYPE","CYCACT","CYCCOND","PEDESTRIAN","CYCLIST","AUTOMOBILE","MOTORCYCLE","TRUCK","TRSN_CITY_","EMERG_VEH","PASSENGER","SPEEDING","AG_DRIV","REDLIGHT","ALCOHOL","Hood_ID","Neighbourh","ObjectId","isFATAL","pressure_station","wind_speed","relative_humidity","temperature","visibility_value"
"466",7441312,1305406,2012,2012-06-05,1800,18,"QUEEN ST W","PETER ST"," ","Major Arterial","Toronto and East York","10","52",43.649279,-79.393665,"Intersection","Intersection Related","Streetcar (Stop for)","Clear","Daylight","Dry","Non-Fatal Injury","Pedestrian Collisions","Cyclist","20 to 24","None",0,"East","Bicycle","Going Ahead"," "," "," "," "," ","Cyclist strikes pedestrian.","Failed to Yield Right of Way","Inattentive",1,1,0,0,0,0,0,0,0,0,0,0,77,"Waterfront Communities-The Island (77)",466,0,99.37,11,49,20,24100
"467",80768564,6002057504,2016,2016-11-19,1800,18,"KENNEDY RD","MCNICOLL AVE"," ","Major Arterial","Scarborough","22","42",43.812064,-79.301906,"Intersection","At Intersection","Traffic Signal","Clear","Dark, artificial","Dry","Non-Fatal Injury","Cyclist Collisions","Driver","70 to 74","None",0,"South","Automobile, Station Wagon","Turning Left","Improper Turn","Inattentive"," "," "," "," "," "," ",0,1,1,0,0,0,0,0,0,0,0,0,130,"Milliken (130)",467,0,98.67,27,83,3.6,24100
"468",80768565,6002057504,2016,2016-11-19,1800,18,"KENNEDY RD","MCNICOLL AVE"," ","Major Arterial","Scarborough","22","42",43.812064,-79.301906,"Intersection","At Intersection","Traffic Signal","Clear","Dark, artificial","Dry","Non-Fatal Injury","Cyclist Collisions","Cyclist","55 to 59","Major",0,"South","Bicycle","Going Ahead"," "," "," "," "," ","Motorist turned left across cyclists path.","Driving Properly","Normal",0,1,1,0,0,0,0,0,0,0,0,0,130,"Milliken (130)",468,0,98.67,27,83,3.6,24100
"469",7433286,1302089,2012,2012-05-10,1800,18,"PETER ST","ADELAIDE ST W"," ","Major Arterial","Toronto and East York","10","52",43.647245,-79.39279,"Intersection"," ","No Control","Clear","Dusk","Dry","Non-Fatal Injury","Cyclist Collisions","Driver","45 to 49","None",0,"North","Automobile, Station Wagon","Stopped","Driving Properly","Normal"," "," "," "," "," "," ",0,1,1,0,0,0,0,0,0,0,0,0,77,"Waterfront Communities-The Island (77)",469,0,98.87,37,29,14.6,24100
"470",7433287,1302089,2012,2012-05-10,1800,18,"PETER ST","ADELAIDE ST W"," ","Major Arterial","Toronto and East York","10","52",43.647245,-79.39279,"Intersection"," ","No Control","Clear","Dusk","Dry","Non-Fatal Injury","Cyclist Collisions","Cyclist","20 to 24","Major",0,"North","Bicycle","Overtaking"," "," "," "," "," ","Cyclist struck opened vehicle door","Driving Properly","Unknown",0,1,1,0,0,0,0,0,0,0,0,0,77,"Waterfront Communities-The Island (77)",470,0,98.87,37,29,14.6,24100
"471",80247062,5001353806,2015,2015-08-07,1800,18,"OLD SHEPPARD AVE","BRIAN DR","9 m East of","Collector","North York","17","33",43.778842,-79.3325,"Intersection","Intersection Related","Stop Sign","Clear","Daylight","Dry","Non-Fatal Injury","Cyclist Collisions","Cyclist","55 to 59","Major",0,"West","Bicycle","Overtaking"," "," "," "," "," ","Motorist turned left across cyclists path.","Improper Passing","Inattentive",0,1,1,0,0,0,0,0,0,0,0,0,46,"Pleasant View (46)",471,0,99.45,12,44,23.6,24100
"472",80247063,5001353806,2015,2015-08-07,1800,18,"OLD SHEPPARD AVE","BRIAN DR","9 m East of","Collector","North York","17","33",43.778842,-79.3325,"Intersection","Intersection Related","Stop Sign","Clear","Daylight","Dry","Non-Fatal Injury","Cyclist Collisions","Driver","20 to 24","None",0,"South","Automobile, Station Wagon","Turning Left","Driving Properly","Normal"," "," "," "," "," "," ",0,1,1,0,0,0,0,0,0,0,0,0,46,"Pleasant View (46)",472,0,99.45,12,44,23.6,24100
"473",80497416,6000131463,2016,2016-01-22,1800,18,"135 TYNDALL AVE"," ","85 m South of","Local","Toronto and East York","4","14",43.637419,-79.428684,"Mid-Block","At/Near Private Drive","No Control","Clear","Dark, artificial","Dry","Non-Fatal Injury","Cyclist Collisions","Driver","40 to 44","None",0,"South","Automobile, Station Wagon","Turning Left","Improper Turn","Inattentive"," "," "," "," "," "," ",0,1,1,0,0,0,0,0,0,0,0,0,85,"South Parkdale (85)",473,0,100.27,12,56,-4.2,24100
"474",80497417,6000131463,2016,2016-01-22,1800,18,"135 TYNDALL AVE"," ","85 m South of","Local","Toronto and East York","4","14",43.637419,-79.428684,"Mid-Block","At/Near Private Drive","No Control","Clear","Dark, artificial","Dry","Non-Fatal Injury","Cyclist Collisions","Cyclist","50 to 54","Major",0,"North","Bicycle","Going Ahead"," "," "," "," "," ","Motorist turned left across cyclists path.","Driving Properly","Normal",0,1,1,0,0,0,0,0,0,0,0,0,85,"South Parkdale (85)",474,0,100.27,12,56,-4.2,24100
"475",5445162,1076080,2008,2008-11-25,1800,18,"324 EASTERN AVE"," "," ","Major Arterial","Toronto and East York","14","55",43.656645,-79.34669,"Intersection"," ","No Control","Rain","Dark","Wet","Non-Fatal Injury","Cyclist Collisions","Driver","40 to 44","None",0,"South","Automobile, Station Wagon","Turning Right","Failed to Yield Right of Way","Normal"," "," "," "," "," "," ",0,1,1,0,0,0,0,0,0,1,0,0,70,"South Riverdale (70)",475,0,98.49,20,76,2.2,19300
"476",5445163,1076080,2008,2008-11-25,1800,18,"324 EASTERN AVE"," "," ","Major Arterial","Toronto and East York","14","55",43.656645,-79.34669,"Intersection"," ","No Control","Rain","Dark","Wet","Non-Fatal Injury","Cyclist Collisions","Cyclist","35 to 39","Major",0,"East","Bicycle","Going Ahead"," "," "," "," "," ","Motorist turns right at non-signal Inter.(stop, yield, no cont.,and dwy) and strikes cyclist.","Driving Properly","Normal",0,1,1,0,0,0,0,0,0,1,0,0,70,"South Riverdale (70)",476,0,98.49,20,76,2.2,19300
"477",7542311,1314053,2012,2012-07-18,1800,18,"3495 SHEPPARD AVE E"," "," ","Major Arterial","Scarborough","22","42",43.780345,-79.30099,"Mid-Block"," ","No Control","Clear","Daylight","Dry","Non-Fatal Injury","Cyclist Collisions","Driver","20 to 24","None",0,"East","Automobile, Station Wagon","Turning Right","Failed to Yield Right of Way","Inattentive"," "," "," "," "," "," ",0,1,1,0,0,0,0,0,0,1,0,0,118,"Tam O'Shanter-Sullivan (118)",477,0,99.25,9,57,26.4,24100
"478",7542312,1314053,2012,2012-07-18,1800,18,"3495 SHEPPARD AVE E"," "," ","Major Arterial","Scarborough","22","42",43.780345,-79.30099,"Mid-Block"," ","No Control","Clear","Daylight","Dry","Non-Fatal Injury","Cyclist Collisions","Cyclist","15 to 19","Major",0,"East","Bicycle","Going Ahead"," "," "," "," "," ","Motorist turns right at non-signal Inter.(stop, yield, no cont.,and dwy) and strikes cyclist.","Driving Properly","Normal",0,1,1,0,0,0,0,0,0,1,0,0,118,"Tam O'Shanter-Sullivan (118)",478,0,99.25,9,57,26.4,24100
"479",7811254,1353008,2013,2013-03-08,1800,18,"DUNDAS ST E","CRAVEN RD"," ","Minor Arterial","Toronto and East York","14","55",43.668445,-79.31959,"Intersection","At Intersection","Stop Sign","Clear","Dusk","Dry","Non-Fatal Injury","Cyclist Collisions","Vehicle Owner","unknown"," ",0," ","Other"," "," "," "," "," "," "," "," "," ",0,1,1,0,0,0,0,0,0,0,0,0,65,"Greenwood-Coxwell (65)",479,0,100.79,15,63,3.7,24100
"480",7811255,1353008,2013,2013-03-08,1800,18,"DUNDAS ST E","CRAVEN RD"," ","Minor Arterial","Toronto and East York","14","55",43.668445,-79.31959,"Intersection","At Intersection","Stop Sign","Clear","Dusk","Dry","Non-Fatal Injury","Cyclist Collisions","Driver","50 to 54","None",0,"North","Automobile, Station Wagon","Going Ahead","Driving Properly","Normal"," "," "," "," "," "," ",0,1,1,0,0,0,0,0,0,0,0,0,65,"Greenwood-Coxwell (65)",480,0,100.79,15,63,3.7,24100
"481",7811256,1353008,2013,2013-03-08,1800,18,"DUNDAS ST E","CRAVEN RD"," ","Minor Arterial","Toronto and East York","14","55",43.668445,-79.31959,"Intersection","At Intersection","Stop Sign","Clear","Dusk","Dry","Non-Fatal Injury","Cyclist Collisions","Cyclist","30 to 34","Major",0,"West","Bicycle","Going Ahead"," "," "," "," "," ","Cyclist without ROW rides into path of motorist at inter, lnwy, dwy-Cyclist not turn.","Wrong Way on One Way Road","Normal",0,1,1,0,0,0,0,0,0,0,0,0,65,"Greenwood-Coxwell (65)",481,0,100.79,15,63,3.7,24100
"482",80741779,7000917334,2017,2017-05-24,1800,18,"1395 LAKE SHORE BLVD W"," "," ","Expressway","Toronto and East York","4","14",43.635432,-79.441371,"Mid-Block","Non Intersection","No Control","Clear","Daylight","Dry","Fatal","Cyclist Collisions","Cyclist","5 to 9","Fatal",24,"West","Bicycle","Going Ahead"," "," "," "," "," ","Insufficient information (to determine cyclist crash type).","Lost control","Normal",0,1,0,0,0,0,0,0,0,0,0,0,85,"South Parkdale (85)",482,1,98.31,24,41,20.3,24100
"483",80784057,7001781629,2017,2017-10-01,1800,18,"BLOOR ST W","SPADINA AVE"," ","Major Arterial","Toronto and East York","11","14,53,52",43.666583,-79.403827,"Intersection","At Intersection","Traffic Signal","Clear","Daylight","Dry","Non-Fatal Injury","Cyclist Collisions","Cyclist","20 to 24","Major",0,"East","Bicycle","Overtaking"," "," "," "," "," ","Motorist turning right on green or amber at signalized intersection strikes cyclist.","Failed to Yield Right of Way","Inattentive",0,1,0,0,1,0,0,1,0,0,0,0,79,"University (79)",483,0,100.51,9,48,15.9,24100
"484",80784058,7001781629,2017,2017-10-01,1800,18,"BLOOR ST W","SPADINA AVE"," ","Major Arterial","Toronto and East York","11","14,53,52",43.666583,-79.403827,"Intersection","At Intersection","Traffic Signal","Clear","Daylight","Dry","Non-Fatal Injury","Cyclist Collisions","Truck Driver","25 to 29","None",0,"East","Truck - Open","Turning Right","Driving Properly","Normal"," "," "," "," "," "," ",0,1,0,0,1,0,0,1,0,0,0,0,79,"University (79)",484,0,100.51,9,48,15.9,24100
"485",80784059,7001781629,2017,2017-10-01,1800,18,"BLOOR ST W","SPADINA AVE"," ","Major Arterial","Toronto and East York","11","14,53,52",43.666583,-79.403827,"Intersection","At Intersection","Traffic Signal","Clear","Daylight","Dry","Non-Fatal Injury","Cyclist Collisions","Passenger","20 to 24","None",0," "," "," "," "," "," "," "," "," "," "," ",0,1,0,0,1,0,0,1,0,0,0,0,79,"University (79)",485,0,100.51,9,48,15.9,24100
"486",80784060,7001781629,2017,2017-10-01,1800,18,"BLOOR ST W","SPADINA AVE"," ","Major Arterial","Toronto and East York","11","14,53,52",43.666583,-79.403827,"Intersection","At Intersection","Traffic Signal","Clear","Daylight","Dry","Non-Fatal Injury","Cyclist Collisions","Passenger","20 to 24","None",0," "," "," "," "," "," "," "," "," "," "," ",0,1,0,0,1,0,0,1,0,0,0,0,79,"University (79)",486,0,100.51,9,48,15.9,24100
"487",5390543,1051990,2008,2008-06-25,1800,18,"AVENUE RD","POPLAR PLAINS CRES"," ","Major Arterial","Toronto and East York","12","53",43.680745,-79.39909,"Intersection","At Intersection","No Control","Clear","Daylight","Dry","Non-Fatal Injury","Cyclist Collisions","Driver","65 to 69","None",0,"North","Automobile, Station Wagon","Turning Left","Improper Turn","Inattentive"," "," "," "," "," "," ",0,1,1,0,0,0,0,0,0,0,0,0,96,"Casa Loma (96)",487,0,99.53,30,46,26.1,24100
"488",5390544,1051990,2008,2008-06-25,1800,18,"AVENUE RD","POPLAR PLAINS CRES"," ","Major Arterial","Toronto and East York","12","53",43.680745,-79.39909,"Intersection","At Intersection","No Control","Clear","Daylight","Dry","Non-Fatal Injury","Cyclist Collisions","Cyclist","35 to 39","Major",0,"South","Bicycle","Going Ahead"," "," "," "," "," ","Motorist turned left across cyclists path.","Driving Properly","Normal",0,1,1,0,0,0,0,0,0,0,0,0,96,"Casa Loma (96)",488,0,99.53,30,46,26.1,24100
"489",6189791,1188873,2010,2010-08-07,1800,18,"BLOOR ST E","CASTLE FRANK RD"," ","Major Arterial","Toronto and East York","11","51,53",43.674045,-79.36779,"Mid-Block"," ","No Control","Clear","Daylight","Dry","Non-Fatal Injury","Pedestrian Collisions","Pedestrian","20 to 24","Major",0,"Unknown","Other"," "," "," ","Other / Undefined","Other","Ability Impaired, Alcohol"," "," "," ",1,1,0,0,0,0,0,0,0,0,0,0,71,"Cabbagetown-South St.James Town (71)",489,0,99.3,13,55,23.2,24100
"490",6189792,1188873,2010,2010-08-07,1800,18,"BLOOR ST E","CASTLE FRANK RD"," ","Major Arterial","Toronto and East York","11","51,53",43.674045,-79.36779,"Mid-Block"," ","No Control","Clear","Daylight","Dry","Non-Fatal Injury","Pedestrian Collisions","Cyclist","55 to 59","None",0,"East","Bicycle","Going Ahead"," "," "," "," "," ","Cyclist strikes pedestrian.","Driving Properly","Unknown",1,1,0,0,0,0,0,0,0,0,0,0,71,"Cabbagetown-South St.James Town (71)",490,0,99.3,13,55,23.2,24100
"491",7487146,1324692,2012,2012-10-02,1800,18,"SHUTER Stre","CHURCH Stre"," ","Minor Arterial","Toronto and East York","13","51",43.654845,-79.37649,"Intersection","At Intersection","Traffic Signal","Clear","Dark, artificial","Dry","Non-Fatal Injury","Cyclist Collisions","Driver","45 to 49","None",0,"East","Automobile, Station Wagon","Turning Right","Improper Turn","Normal"," "," "," "," "," "," ",0,1,1,0,0,0,0,0,0,0,0,0,75,"Church-Yonge Corridor (75)",491,0,99.24,11,72,17.5,24100
"492",7487147,1324692,2012,2012-10-02,1800,18,"SHUTER Stre","CHURCH Stre"," ","Minor Arterial","Toronto and East York","13","51",43.654845,-79.37649,"Intersection","At Intersection","Traffic Signal","Clear","Dark, artificial","Dry","Non-Fatal Injury","Cyclist Collisions","Cyclist","60 to 64","Major",0,"East","Bicycle","Going Ahead"," "," "," "," "," ","Motorist turning right on green or amber at signalized intersection strikes cyclist.","Driving Properly","Normal",0,1,1,0,0,0,0,0,0,0,0,0,75,"Church-Yonge Corridor (75)",492,0,99.24,11,72,17.5,24100
"493",80162397,4002199584,2014,2014-06-01,1800,18,"DUNDAS ST W","PACIFIC AVE"," ","Major Arterial","Toronto and East York","4","11",43.665461,-79.469447,"Mid-Block","Non Intersection","No Control","Clear","Daylight","Dry","Non-Fatal Injury","Cyclist Collisions","Driver","60 to 64","None",0,"West","Automobile, Station Wagon","Going Ahead","Driving Properly","Normal"," "," "," "," "," "," ",0,1,1,0,0,0,0,0,0,0,0,0,90,"Junction Area (90)",493,0,99.93,14,49,20.3,24100
"494",80162398,4002199584,2014,2014-06-01,1800,18,"DUNDAS ST W","PACIFIC AVE"," ","Major Arterial","Toronto and East York","4","11",43.665461,-79.469447,"Mid-Block","Non Intersection","No Control","Clear","Daylight","Dry","Non-Fatal Injury","Cyclist Collisions","Other","unknown"," ",0," "," "," "," "," "," "," "," "," "," "," ",0,1,1,0,0,0,0,0,0,0,0,0,90,"Junction Area (90)",494,0,99.93,14,49,20.3,24100
"495",80162399,4002199584,2014,2014-06-01,1800,18,"DUNDAS ST W","PACIFIC AVE"," ","Major Arterial","Toronto and East York","4","11",43.665461,-79.469447,"Mid-Block","Non Intersection","No Control","Clear","Daylight","Dry","Non-Fatal Injury","Cyclist Collisions","Cyclist","45 to 49","Major",0,"West","Bicycle","Going Ahead"," "," "," "," "," ","Cyclist and Driver travelling in same direction. One vehicle rear-ended the other.","Lost control","Normal",0,1,1,0,0,0,0,0,0,0,0,0,90,"Junction Area (90)",495,0,99.93,14,49,20.3,24100
"496",5260626,1113959,2009,2009-07-13,1800,18,"FRONT ST W","SPADINA AVE"," ","Major Arterial","Toronto and East York","10","14,52",43.642745,-79.39389,"Intersection","At Intersection","Traffic Signal","Clear","Daylight","Dry","Non-Fatal Injury","Cyclist Collisions","Driver","30 to 34","None",0,"West","Automobile, Station Wagon","Going Ahead","Driving Properly","Normal"," "," "," "," "," "," ",0,1,1,0,0,0,0,0,0,0,0,0,77,"Waterfront Communities-The Island (77)",496,0,99.28,43,31,21.2,24100
"497",5260627,1113959,2009,2009-07-13,1800,18,"FRONT ST W","SPADINA AVE"," ","Major Arterial","Toronto and East York","10","14,52",43.642745,-79.39389,"Intersection","At Intersection","Traffic Signal","Clear","Daylight","Dry","Non-Fatal Injury","Cyclist Collisions","Cyclist","30 to 34","Major",0,"North","Bicycle","Going Ahead"," "," "," "," "," ","Cyclist without ROW rides into path of motorist at inter, lnwy, dwy-Cyclist not turn.","Disobeyed Traffic Control","Normal",0,1,1,0,0,0,0,0,0,0,0,0,77,"Waterfront Communities-The Island (77)",497,0,99.28,43,31,21.2,24100
"498",6220574,1201907,2010,2010-10-20,1800,18,"QUEEN Stre E","KENILWORTH Aven"," ","Minor Arterial","Toronto and East York","19","55",43.669645,-79.30189,"Intersection"," ","No Control","Clear","Dark","Dry","Non-Fatal Injury","Cyclist Collisions","Driver","25 to 29","None",0,"West","Automobile, Station Wagon","Parked","Other","Normal"," "," "," "," "," "," ",0,1,1,0,0,0,0,0,0,0,0,0,63,"The Beaches (63)",498,0,98.02,35,52,15.4,24100
"499",6220575,1201907,2010,2010-10-20,1800,18,"QUEEN Stre E","KENILWORTH Aven"," ","Minor Arterial","Toronto and East York","19","55",43.669645,-79.30189,"Intersection"," ","No Control","Clear","Dark","Dry","Non-Fatal Injury","Cyclist Collisions","Cyclist","50 to 54","Major",0,"West","Bicycle","Going Ahead"," "," "," "," "," ","Cyclist struck opened vehicle door","Other","Normal",0,1,1,0,0,0,0,0,0,0,0,0,63,"The Beaches (63)",499,0,98.02,35,52,15.4,24100
"500",7835555,1363588,2013,2013-05-13,1800,18,"BORDEN ST","BLOOR ST W"," ","Major Arterial","Toronto and East York","11","14",43.665645,-79.40869,"Intersection"," ","No Control","Clear","Daylight","Dry","Non-Fatal Injury","SMV Other","Driver - Not Hit","unknown"," ",0," ","Automobile, Station Wagon"," "," "," "," "," "," "," "," "," ",0,1,1,0,0,0,0,0,0,1,0,0,79,"University (79)",500,0,99.8,30,38,9,24100
"501",7835556,1363588,2013,2013-05-13,1800,18,"BORDEN ST","BLOOR ST W"," ","Major Arterial","Toronto and East York","11","14",43.665645,-79.40869,"Intersection"," ","No Control","Clear","Daylight","Dry","Non-Fatal Injury","SMV Other","Moped Driver","40 to 44","Major",0,"North","Moped","Going Ahead","Failed to Yield Right of Way","Normal"," "," "," "," "," "," ",0,1,1,0,0,0,0,0,0,1,0,0,79,"University (79)",501,0,99.8,30,38,9,24100
"502",7892789,1387644,2013,2013-09-26,1800,18,"COLLEGE St","SHAW St"," ","Major Arterial","Toronto and East York","11","14",43.654845,-79.420291,"Intersection"," ","Stop Sign","Clear","Daylight","Dry","Non-Fatal Injury","Cyclist Collisions","Vehicle Owner","unknown"," ",0," ","Other"," "," "," "," "," "," "," "," "," ",0,1,1,0,0,0,0,0,0,1,0,0,81,"Trinity-Bellwoods (81)",502,0,99.91,9,49,19,24100
"503",80784028,7001798069,2017,2017-10-04,800,8,"KENNEDY RD","FOXRIDGE DR"," ","Major Arterial","Scarborough","20","41",43.724085,-79.264446,"Intersection","At Intersection","No Control","Clear","Daylight","Dry","Non-Fatal Injury","Cyclist Collisions","Cyclist","30 to 34","Major",0,"South","Bicycle","Going Ahead"," "," "," "," "," ","Motorist turned left across cyclists path.","Driving Properly","Normal",0,1,1,0,0,0,0,0,0,1,0,0,124,"Kennedy Park (124)",503,0,100.3,16,68,20.5,24100
"504",80632248,6001758127,2016,2016-10-03,1400,14,"KEELE ST","FLAMBOROUGH DR"," ","Major Arterial","Etobicoke York","5","12",43.703021,-79.476772,"Intersection","At Intersection","Traffic Signal","Clear","Daylight","Dry","Non-Fatal Injury","Cyclist Collisions","Driver","85 to 89","None",0,"North","Automobile, Station Wagon","Turning Left","Improper Turn","Normal"," "," "," "," "," "," ",0,1,1,0,0,0,0,0,0,0,0,0,30,"Brookhaven-Amesbury (30)",504,0,99.77,5,67,18.1,24100
"505",80632249,6001758127,2016,2016-10-03,1400,14,"KEELE ST","FLAMBOROUGH DR"," ","Major Arterial","Etobicoke York","5","12",43.703021,-79.476772,"Intersection","At Intersection","Traffic Signal","Clear","Daylight","Dry","Non-Fatal Injury","Cyclist Collisions","Cyclist","45 to 49","Major",0,"South","Bicycle","Going Ahead"," "," "," "," "," ","Motorist turned left across cyclists path.","Driving Properly","Normal",0,1,1,0,0,0,0,0,0,0,0,0,30,"Brookhaven-Amesbury (30)",505,0,99.77,5,67,18.1,24100
"506",7440069,1304934,2012,2012-05-24,1400,14,"ROSEDALE VALLEY RD","BAYVIEW S ROSEDALE VL RAMP"," ","Major Arterial","Toronto and East York","13,11","51",43.670245,-79.36169,"Intersection","At Intersection","No Control","Clear","Daylight","Dry","Non-Fatal Injury","Cyclist Collisions","Driver","30 to 34","None",0,"East","Automobile, Station Wagon","Changing Lanes","Improper Lane Change","Normal"," "," "," "," "," "," ",0,1,1,0,0,0,0,0,0,0,0,0,71,"Cabbagetown-South St.James Town (71)",506,0,99.45,15,61,25.8,24100
"507",7440070,1304934,2012,2012-05-24,1400,14,"ROSEDALE VALLEY RD","BAYVIEW S ROSEDALE VL RAMP"," ","Major Arterial","Toronto and East York","13,11","51",43.670245,-79.36169,"Intersection","At Intersection","No Control","Clear","Daylight","Dry","Non-Fatal Injury","Cyclist Collisions","Cyclist","60 to 64","Major",0,"East","Bicycle","Merging"," "," "," "," "," ","Cyclist and Driver travelling in same direction. One vehicle sideswipes the other.","Driving Properly","Normal",0,1,1,0,0,0,0,0,0,0,0,0,71,"Cabbagetown-South St.James Town (71)",507,0,99.45,15,61,25.8,24100
"508",6146112,1170181,2010,2010-05-27,1500,15,"PORT UNION Rd","HIGHWAY 401 C  E"," ","Expressway","Scarborough","25","43",43.797045,-79.14409,"Mid-Block"," ","No Control","Clear","Daylight","Dry","Non-Fatal Injury","Cyclist Collisions","Cyclist","35 to 39","Major",0,"North","Bicycle","Going Ahead"," "," "," "," "," ","Cyclist and Driver travelling in same direction. One vehicle rear-ended the other.","Other","Ability Impaired, Drugs",0,1,0,0,0,0,0,0,0,0,0,0,131,"Rouge (131)",508,0,98.96,15,53,29.1,24100
"509",5801019,1146935,2009,2009-11-30,1400,14,"DANFORTH Rd","BIRCHMOUNT Rd"," ","Minor Arterial","Scarborough","20","41",43.707445,-79.26779,"Mid-Block"," ","No Control","Clear","Daylight","Dry","Non-Fatal Injury","Cyclist Collisions","Cyclist","55 to 59","Major",0,"North","Bicycle","Going Ahead"," "," "," "," "," ","Cyclist loses control and strikes object (pole, ttc track)","Lost control","Unknown",0,1,0,0,0,0,0,0,0,0,0,0,120,"Clairlea-Birchmount (120)",509,0,98.84,11,64,3.5,24100
"510",6726869,1280448,2011,2011-12-20,1400,14,"QUEEN St W","CAMERON St"," ","Major Arterial","Toronto and East York","10","14",43.648445,-79.39779,"Mid-Block"," ","No Control","Clear","Daylight","Dry","Non-Fatal Injury","Cyclist Collisions","Driver","20 to 24","None",0,"East","Automobile, Station Wagon","Parked","Other","Unknown"," "," "," "," "," "," ",0,1,1,0,0,0,0,0,0,0,0,0,77,"Waterfront Communities-The Island (77)",510,0,99.92,11,70,-1.9,24100
"511",6726870,1280448,2011,2011-12-20,1400,14,"QUEEN St W","CAMERON St"," ","Major Arterial","Toronto and East York","10","14",43.648445,-79.39779,"Mid-Block"," ","No Control","Clear","Daylight","Dry","Non-Fatal Injury","Cyclist Collisions","Cyclist","35 to 39","Major",0,"East","Bicycle","Going Ahead"," "," "," "," "," ","Cyclist struck opened vehicle door","Driving Properly","Unknown",0,1,1,0,0,0,0,0,0,0,0,0,77,"Waterfront Communities-The Island (77)",511,0,99.92,11,70,-1.9,24100
"512",7403743,1289419,2012,2012-02-14,1400,14,"KING St W","TECUMSETH St"," ","Major Arterial","Toronto and East York","10","14",43.643345,-79.40529,"Intersection","At Intersection","Traffic Signal","Clear","Daylight","Wet","Non-Fatal Injury","Cyclist Collisions","Driver","50 to 54","None",0,"West","Automobile, Station Wagon","Turning Left","Failed to Yield Right of Way","Inattentive"," "," "," "," "," "," ",0,1,1,0,0,0,0,0,0,1,0,0,82,"Niagara (82)",512,0,99.11,9,94,0.6,2400
"513",7403744,1289419,2012,2012-02-14,1400,14,"KING St W","TECUMSETH St"," ","Major Arterial","Toronto and East York","10","14",43.643345,-79.40529,"Intersection","At Intersection","Traffic Signal","Clear","Daylight","Wet","Non-Fatal Injury","Cyclist Collisions","Cyclist","20 to 24","Major",0,"East","Bicycle","Going Ahead"," "," "," "," "," ","Motorist turned left across cyclists path.","Driving Properly","Normal",0,1,1,0,0,0,0,0,0,1,0,0,82,"Niagara (82)",513,0,99.11,9,94,0.6,2400
"514",80948975,8001484332,2018,2018-08-12,1400,14,"CHUDLEIGH RD","HARVIE AVE"," ","Local","Toronto and East York","9","13",43.688647,-79.454875,"Intersection","At Intersection","Stop Sign","Clear","Daylight","Dry","Non-Fatal Injury","Cyclist Collisions","Cyclist","30 to 34","Major",0,"North","Bicycle","Going Ahead"," "," "," "," "," ","Motorist turned left across cyclists path.","Disobeyed Traffic Control","Normal",0,1,1,0,0,0,0,0,0,0,0,0,109,"Caledonia-Fairbank (109)",514,0,99.89,12,51,27.1,24100
"515",80948976,8001484332,2018,2018-08-12,1400,14,"CHUDLEIGH RD","HARVIE AVE"," ","Local","Toronto and East York","9","13",43.688647,-79.454875,"Intersection","At Intersection","Stop Sign","Clear","Daylight","Dry","Non-Fatal Injury","Cyclist Collisions","Driver","25 to 29","None",0,"West","Automobile, Station Wagon","Turning Left","Driving Properly","Normal"," "," "," "," "," "," ",0,1,1,0,0,0,0,0,0,0,0,0,109,"Caledonia-Fairbank (109)",515,0,99.89,12,51,27.1,24100
"516",80971825,8001771158,2018,2018-09-23,1400,14,"YONGE ST","WELLINGTON  ST E"," ","Major Arterial","Toronto and East York","13","51,52",43.647772,-79.37733,"Intersection","At Intersection","Traffic Signal","Clear","Daylight","Dry","Non-Fatal Injury","Cyclist Collisions","Driver","unknown","None",0,"North","Automobile, Station Wagon","Going Ahead","Failed to Yield Right of Way","Unknown"," "," "," "," "," "," ",0,1,1,0,0,0,0,0,0,1,0,0,75,"Church-Yonge Corridor (75)",516,0,100.28,15,51,18.5,24100