"","Index_","ACCNUM","YEAR","DATE","TIME","Hour","STREET1","STREET2","OFFSET","ROAD_CLASS","District","WardNum","Division","LATITUDE","LONGITUDE","LOCCOORD","ACCLOC","TRAFFCTL","VISIBILITY","LIGHT","RDSFCOND","ACCLASS","IMPACTYPE","INVTYPE","INVAGE","INJURY","FATAL_NO","INITDIR","VEHTYPE","MANOEUVER","DRIVACT","DRIVCOND","PEDTYPE","PEDACT","PEDCOND","CYCLISTYPE","CYCACT","CYCCOND","PEDESTRIAN","CYCLIST","AUTOMOBILE","MOTORCYCLE","TRUCK","TRSN_CITY_","EMERG_VEH","PASSENGER","SPEEDING","AG_DRIV","REDLIGHT","ALCOHOL","Hood_ID","Neighbourh","ObjectId","isFATAL","pressure_station","wind_speed","relative_humidity","temperature","visibility_value"
"827",6675460,1253834,2011,2011-08-16,1600,16,"BLUE JAYS WAY","NAVY WHARF CRT"," ","Minor Arterial","Toronto and East York","10","52",43.641745,-79.39189,"Intersection","At Intersection","No Control","Clear","Daylight","Dry","Non-Fatal Injury","Cyclist Collisions","Driver","unknown","None",0,"West","Automobile, Station Wagon","Going Ahead","Failed to Yield Right of Way","Unknown"," "," "," "," "," "," ",0,1,1,0,0,0,0,0,0,1,0,0,77,"Waterfront Communities-The Island (77)",827,0,99.47,7,39,28.5,24100
"828",6675461,1253834,2011,2011-08-16,1600,16,"BLUE JAYS WAY","NAVY WHARF CRT"," ","Minor Arterial","Toronto and East York","10","52",43.641745,-79.39189,"Intersection","At Intersection","No Control","Clear","Daylight","Dry","Non-Fatal Injury","Cyclist Collisions","Cyclist","25 to 29","Major",0,"West","Bicycle","Turning Left"," "," "," "," "," ","Cyclist turned left across motorists path.","Driving Properly","Normal",0,1,1,0,0,0,0,0,0,1,0,0,77,"Waterfront Communities-The Island (77)",828,0,99.47,7,39,28.5,24100
"829",80632070,6001333715,2016,2016-07-29,1600,16,"JANE ST","SHOREHAM DR","121 m North of","Major Arterial","Etobicoke York","7","31",43.769675,-79.52058,"Mid-Block","Non Intersection","No Control","Clear","Daylight","Dry","Non-Fatal Injury","Cyclist Collisions","Cyclist","30 to 34","None",0,"East","Bicycle","Going Ahead"," "," "," "," "," ","Cyclist without ROW rides into path of motorist at inter, lnwy, dwy-Cyclist not turn.","Failed to Yield Right of Way","Inattentive",0,1,1,0,0,0,0,0,0,0,0,0,24,"Black Creek (24)",829,0,99.38,17,45,27.3,24100
"830",80632071,6001333715,2016,2016-07-29,1600,16,"JANE ST","SHOREHAM DR","121 m North of","Major Arterial","Etobicoke York","7","31",43.769675,-79.52058,"Mid-Block","Non Intersection","No Control","Clear","Daylight","Dry","Non-Fatal Injury","Cyclist Collisions","Driver","50 to 54","Major",0,"South","Automobile, Station Wagon","Going Ahead","Driving Properly","Normal"," "," "," "," "," "," ",0,1,1,0,0,0,0,0,0,0,0,0,24,"Black Creek (24)",830,0,99.38,17,45,27.3,24100
"831",6668797,1250894,2011,2011-07-15,1700,16,"DANFORTH Ave","LANGFORD Ave"," ","Major Arterial","Toronto and East York","14","54,55",43.679745,-79.34059,"Intersection"," ","No Control","Clear","Daylight","Dry","Non-Fatal Injury","Cyclist Collisions","Driver","45 to 49","None",0,"West","Automobile, Station Wagon","Parked","Other","Inattentive"," "," "," "," "," "," ",0,1,1,0,0,0,0,0,0,0,0,0,69,"Blake-Jones (69)",831,0,99.77,20,31,27.2,24100
"832",6668798,1250894,2011,2011-07-15,1700,16,"DANFORTH Ave","LANGFORD Ave"," ","Major Arterial","Toronto and East York","14","54,55",43.679745,-79.34059,"Intersection"," ","No Control","Clear","Daylight","Dry","Non-Fatal Injury","Cyclist Collisions","Cyclist","50 to 54","Major",0,"West","Bicycle","Going Ahead"," "," "," "," "," ","Cyclist struck opened vehicle door","Driving Properly","Normal",0,1,1,0,0,0,0,0,0,0,0,0,69,"Blake-Jones (69)",832,0,99.77,20,31,27.2,24100
"833",5358528,1037840,2008,2008-04-28,1700,17,"HAVELOCK Stre","DEWSON Stre"," ","Collector","Toronto and East York","9","14",43.655545,-79.43049,"Intersection","At Intersection","Stop Sign","Clear","Daylight","Dry","Non-Fatal Injury","Cyclist Collisions","Vehicle Owner","unknown"," ",0," ","Other"," "," "," "," "," "," "," "," "," ",0,1,1,0,0,0,0,0,0,0,0,0,83,"Dufferin Grove (83)",833,0,98.9,33,73,5.9,24100
"834",5358529,1037840,2008,2008-04-28,1700,17,"HAVELOCK Stre","DEWSON Stre"," ","Collector","Toronto and East York","9","14",43.655545,-79.43049,"Intersection","At Intersection","Stop Sign","Clear","Daylight","Dry","Non-Fatal Injury","Cyclist Collisions","Driver","30 to 34","None",0,"West","Automobile, Station Wagon","Turning Left","Improper Turn","Inattentive"," "," "," "," "," "," ",0,1,1,0,0,0,0,0,0,0,0,0,83,"Dufferin Grove (83)",834,0,98.9,33,73,5.9,24100
"835",5358530,1037840,2008,2008-04-28,1700,17,"HAVELOCK Stre","DEWSON Stre"," ","Collector","Toronto and East York","9","14",43.655545,-79.43049,"Intersection","At Intersection","Stop Sign","Clear","Daylight","Dry","Non-Fatal Injury","Cyclist Collisions","Cyclist","60 to 64","Major",0,"South","Bicycle","Going Ahead"," "," "," "," "," ","Motorist without ROW drives into path of cyclist at inter, lnwy, dwy-Driver not turn.","Driving Properly","Normal",0,1,1,0,0,0,0,0,0,0,0,0,83,"Dufferin Grove (83)",835,0,98.9,33,73,5.9,24100
"836",5796898,1144508,2009,2009-12-29,1700,17,"SAMMON AVE","DONLANDS AVE"," ","Minor Arterial","Toronto and East York","14","54",43.685845,-79.33939,"Intersection","At Intersection","No Control","Clear","Daylight","Dry","Non-Fatal Injury","Cyclist Collisions","Cyclist","75 to 79","Major",0,"West","Bicycle","Stopped"," "," "," "," "," ","Insufficient information (to determine cyclist crash type).","Driving Properly","Medical or Physical Disability",0,1,0,0,0,0,0,0,0,0,0,0,59,"Danforth East York (59)",836,0,100.66,20,65,-7.2,24100
"837",6719455,1273068,2011,2011-11-04,1700,17,"BLOOR Stre W","SALEM Aven"," ","Major Arterial","Toronto and East York","9","14",43.660645,-79.43169,"Intersection","At Intersection","No Control","Clear","Daylight","Dry","Non-Fatal Injury","Cyclist Collisions","Driver","30 to 34","None",0,"East","Automobile, Station Wagon","Turning Left","Failed to Yield Right of Way","Normal"," "," "," "," "," "," ",0,1,1,0,0,0,0,0,0,1,0,0,83,"Dufferin Grove (83)",837,0,100.52,24,50,7.2,24100
"838",6719456,1273068,2011,2011-11-04,1700,17,"BLOOR Stre W","SALEM Aven"," ","Major Arterial","Toronto and East York","9","14",43.660645,-79.43169,"Intersection","At Intersection","No Control","Clear","Daylight","Dry","Non-Fatal Injury","Cyclist Collisions","Cyclist","50 to 54","Major",0,"West","Bicycle","Going Ahead"," "," "," "," "," ","Motorist turned left across cyclists path.","Driving Properly","Unknown",0,1,1,0,0,0,0,0,0,1,0,0,83,"Dufferin Grove (83)",838,0,100.52,24,50,7.2,24100
"839",80943569,8000970456,2018,2018-05-29,1700,17,"QUEENS QUAY  E","DOCKSIDE DR"," ","Minor Arterial","Toronto and East York","10","51",43.645079,-79.365466,"Intersection","At Intersection","Traffic Signal","Clear","Daylight","Dry","Non-Fatal Injury","Cyclist Collisions","Driver","35 to 39","None",0,"East","Automobile, Station Wagon","Turning Right","Failed to Yield Right of Way","Normal"," "," "," "," "," "," ",0,1,1,0,0,0,0,0,0,1,0,0,77,"Waterfront Communities-The Island (77)",839,0,99.6,14,44,26.2,24100
"840",80943570,8000970456,2018,2018-05-29,1700,17,"QUEENS QUAY  E","DOCKSIDE DR"," ","Minor Arterial","Toronto and East York","10","51",43.645079,-79.365466,"Intersection","At Intersection","Traffic Signal","Clear","Daylight","Dry","Non-Fatal Injury","Cyclist Collisions","Cyclist","25 to 29","Major",0,"West","Bicycle","Going Ahead"," "," "," "," "," ","Motorist turning right on green or amber at signalized intersection strikes cyclist.","Driving Properly","Normal",0,1,1,0,0,0,0,0,0,1,0,0,77,"Waterfront Communities-The Island (77)",840,0,99.6,14,44,26.2,24100
"841",80948087,8001059223,2018,2018-06-11,1700,17,"ROYAL YORK  RD","DARTMOUTH  CRES"," ","Minor Arterial","Etobicoke York","3","22",43.605387,-79.493869,"Mid-Block","Non Intersection","No Control","Clear","Daylight","Dry","Non-Fatal Injury","Cyclist Collisions","Motorcycle Driver","unknown","None",0,"South","Motorcycle","Going Ahead","Failed to Yield Right of Way","Unknown"," "," "," "," "," "," ",0,1,0,1,0,0,0,0,0,1,0,0,17,"Mimico (includes Humber Bay Shores) (17)",841,0,99.79,23,29,21.2,24100
"842",80948088,8001059223,2018,2018-06-11,1700,17,"ROYAL YORK  RD","DARTMOUTH  CRES"," ","Minor Arterial","Etobicoke York","3","22",43.605387,-79.493869,"Mid-Block","Non Intersection","No Control","Clear","Daylight","Dry","Non-Fatal Injury","Cyclist Collisions","Cyclist","25 to 29","Major",0,"South","Bicycle","Going Ahead"," "," "," "," "," ","Cyclist and Driver travelling in same direction. One vehicle rear-ended the other.","Driving Properly","Normal",0,1,0,1,0,0,0,0,0,1,0,0,17,"Mimico (includes Humber Bay Shores) (17)",842,0,99.79,23,29,21.2,24100
"843",80631919,4003399384,2014,2014-11-30,1700,17,"203 FAYWOOD BLVD"," "," ","Collector","North York","6","32",43.747107,-79.449291,"Mid-Block","At/Near Private Drive","No Control","Rain","Dark, artificial","Wet","Non-Fatal Injury","Cyclist Collisions","Driver","30 to 34","None",0,"East","Pick Up Truck","Reversing","Other","Inattentive"," "," "," "," "," "," ",0,1,1,0,0,0,0,0,0,0,0,0,33,"Clanton Park (33)",843,0,98.75,17,77,13.7,24100
"844",80631920,4003399384,2014,2014-11-30,1700,17,"203 FAYWOOD BLVD"," "," ","Collector","North York","6","32",43.747107,-79.449291,"Mid-Block","At/Near Private Drive","No Control","Rain","Dark, artificial","Wet","Non-Fatal Injury","Cyclist Collisions","Cyclist","35 to 39","Major",0,"North","Bicycle","Going Ahead"," "," "," "," "," ","Motorist reversing struck cyclist.","Driving Properly","Other",0,1,1,0,0,0,0,0,0,0,0,0,33,"Clanton Park (33)",844,0,98.75,17,77,13.7,24100
"845",80895726,7001571864,2017,2017-08-30,1700,17,"WELLESLEY ST W","QUEENS PARK CRES E","3 m East of","Major Arterial","Toronto and East York","11","52",43.663512,-79.390605,"Intersection","At Intersection","Traffic Signal","Clear","Daylight","Dry","Non-Fatal Injury","Cyclist Collisions","Cyclist","40 to 44","Major",0,"West","Bicycle","Going Ahead"," "," "," "," "," ","Motorist turning right on green or amber at signalized intersection strikes cyclist.","Driving Properly","Normal",0,1,0,0,1,0,0,0,0,0,0,0,76,"Bay Street Corridor (76)",845,0,99.35,16,61,21.7,24100
"846",80895727,7001571864,2017,2017-08-30,1700,17,"WELLESLEY ST W","QUEENS PARK CRES E","3 m East of","Major Arterial","Toronto and East York","11","52",43.663512,-79.390605,"Intersection","At Intersection","Traffic Signal","Clear","Daylight","Dry","Non-Fatal Injury","Cyclist Collisions","Truck Driver","55 to 59","None",0,"West","Truck - Dump","Turning Right","Improper Turn","Inattentive"," "," "," "," "," "," ",0,1,0,0,1,0,0,0,0,0,0,0,76,"Bay Street Corridor (76)",846,0,99.35,16,61,21.7,24100
"847",6211793,1198314,2010,2010-09-25,1700,17,"CALEDONIA RD","BOWIE AVE"," ","Minor Arterial","North York","8","13",43.694945,-79.462787,"Intersection","At Intersection","Stop Sign","Clear","Daylight","Dry","Non-Fatal Injury","Cyclist Collisions","Vehicle Owner","unknown"," ",0," "," "," "," "," "," "," "," "," "," "," ",0,1,1,0,0,0,0,0,0,0,0,0,108,"Briar Hill-Belgravia (108)",847,0,99.28,32,65,14.5,24100
"848",6211794,1198314,2010,2010-09-25,1700,17,"CALEDONIA RD","BOWIE AVE"," ","Minor Arterial","North York","8","13",43.694945,-79.462787,"Intersection","At Intersection","Stop Sign","Clear","Daylight","Dry","Non-Fatal Injury","Cyclist Collisions","Driver","20 to 24","None",0,"West","Pick Up Truck","Turning Left","Driving Properly","Normal"," "," "," "," "," "," ",0,1,1,0,0,0,0,0,0,0,0,0,108,"Briar Hill-Belgravia (108)",848,0,99.28,32,65,14.5,24100
"849",6211795,1198314,2010,2010-09-25,1700,17,"CALEDONIA RD","BOWIE AVE"," ","Minor Arterial","North York","8","13",43.694945,-79.462787,"Intersection","At Intersection","Stop Sign","Clear","Daylight","Dry","Non-Fatal Injury","Cyclist Collisions","Cyclist","50 to 54","Major",0,"East","Bicycle","Going Ahead"," "," "," "," "," ","Motorist turned left across cyclists path.","Failed to Yield Right of Way","Had Been Drinking",0,1,1,0,0,0,0,0,0,0,0,0,108,"Briar Hill-Belgravia (108)",849,0,99.28,32,65,14.5,24100
"850",80976719,8002197002,2018,2018-11-29,1700,17,"KENNEDY  RD","PASSMORE AVE","169 m South of","Major Arterial","Scarborough","22","42",43.816859,-79.304042,"Mid-Block","At/Near Private Drive","No Control","Clear","Dusk","Dry","Non-Fatal Injury","Cyclist Collisions","Driver","60 to 64","None",0,"South","Automobile, Station Wagon","Going Ahead","Driving Properly","Normal"," "," "," "," "," "," ",0,1,1,0,0,0,0,1,0,1,0,0,130,"Milliken (130)",850,0,99.54,9,73,0.7,24100
"851",80976720,8002197002,2018,2018-11-29,1700,17,"KENNEDY  RD","PASSMORE AVE","169 m South of","Major Arterial","Scarborough","22","42",43.816859,-79.304042,"Mid-Block","At/Near Private Drive","No Control","Clear","Dusk","Dry","Non-Fatal Injury","Cyclist Collisions","Cyclist","70 to 74","Major",0,"East","Bicycle","Going Ahead"," "," "," "," "," ","Cyclist without ROW rides into path of motorist at inter, lnwy, dwy-Cyclist not turn.","Other","Inattentive",0,1,1,0,0,0,0,1,0,1,0,0,130,"Milliken (130)",851,0,99.54,9,73,0.7,24100
"852",80976721,8002197002,2018,2018-11-29,1700,17,"KENNEDY  RD","PASSMORE AVE","169 m South of","Major Arterial","Scarborough","22","42",43.816859,-79.304042,"Mid-Block","At/Near Private Drive","No Control","Clear","Dusk","Dry","Non-Fatal Injury","Cyclist Collisions","Driver","35 to 39","None",0,"North","Automobile, Station Wagon","Going Ahead","Driving Properly","Normal"," "," "," "," "," "," ",0,1,1,0,0,0,0,1,0,1,0,0,130,"Milliken (130)",852,0,99.54,9,73,0.7,24100
"853",80976722,8002197002,2018,2018-11-29,1700,17,"KENNEDY  RD","PASSMORE AVE","169 m South of","Major Arterial","Scarborough","22","42",43.816859,-79.304042,"Mid-Block","At/Near Private Drive","No Control","Clear","Dusk","Dry","Non-Fatal Injury","Cyclist Collisions","Passenger","0 to 4","None",0," "," "," "," "," "," "," "," "," "," "," ",0,1,1,0,0,0,0,1,0,1,0,0,130,"Milliken (130)",853,0,99.54,9,73,0.7,24100
"854",80900384,7003103184,2017,2017-11-30,1700,17,"WARDEN  AVE","BAMBURGH  CRCL"," ","Major Arterial","Scarborough","22","42",43.811564,-79.323375,"Intersection","At Intersection","Traffic Signal","Rain","Dusk","Wet","Non-Fatal Injury","Cyclist Collisions","Cyclist","60 to 64","Major",0,"South","Bicycle","Going Ahead"," "," "," "," "," ","Motorist turned left across cyclists path.","Disobeyed Traffic Control","Inattentive",0,1,1,0,0,0,0,0,0,0,0,0,116,"Steeles (116)",854,0,99.04,21,81,5.7,17700
"855",80900385,7003103184,2017,2017-11-30,1700,17,"WARDEN  AVE","BAMBURGH  CRCL"," ","Major Arterial","Scarborough","22","42",43.811564,-79.323375,"Intersection","At Intersection","Traffic Signal","Rain","Dusk","Wet","Non-Fatal Injury","Cyclist Collisions","Driver","60 to 64","None",0,"North","Automobile, Station Wagon","Turning Left","Improper Turn","Inattentive"," "," "," "," "," "," ",0,1,1,0,0,0,0,0,0,0,0,0,116,"Steeles (116)",855,0,99.04,21,81,5.7,17700
"856",6636363,1237279,2011,2011-06-08,1700,17,"FINCH AVE W","NORFINCH DR"," ","Major Arterial","Etobicoke York","7","31",43.755945,-79.52429,"Intersection","At Intersection","Traffic Signal","Clear","Daylight","Dry","Non-Fatal Injury","Cyclist Collisions","Driver","45 to 49","None",0,"South","Automobile, Station Wagon","Turning Right","Improper Turn","Normal"," "," "," "," "," "," ",0,1,1,0,0,0,0,0,0,0,0,0,24,"Black Creek (24)",856,0,98.79,22,53,32,19300
"857",6636364,1237279,2011,2011-06-08,1700,17,"FINCH AVE W","NORFINCH DR"," ","Major Arterial","Etobicoke York","7","31",43.755945,-79.52429,"Intersection","At Intersection","Traffic Signal","Clear","Daylight","Dry","Non-Fatal Injury","Cyclist Collisions","Cyclist","65 to 69","Major",0,"East","Bicycle","Unknown"," "," "," "," "," ","Motorist turning right on red at signalized intersection strikes cyclist.","Driving Properly","Unknown",0,1,1,0,0,0,0,0,0,0,0,0,24,"Black Creek (24)",857,0,98.79,22,53,32,19300
"858",80251330,5001652822,2015,2015-09-23,1700,17,"BOOTH AVE","LAKE SHORE BLVD E","1 m North of","Expressway","Toronto and East York","14","55",43.653514,-79.340778,"Intersection","At Intersection","Stop Sign","Clear","Daylight","Dry","Non-Fatal Injury","Cyclist Collisions","Driver","60 to 64","None",0,"South","Automobile, Station Wagon","Turning Right","Failed to Yield Right of Way","Inattentive"," "," "," "," "," "," ",0,1,1,0,0,0,0,1,0,1,0,0,70,"South Riverdale (70)",858,0,100.4,13,51,22.8,24100
"859",80251331,5001652822,2015,2015-09-23,1700,17,"BOOTH AVE","LAKE SHORE BLVD E","1 m North of","Expressway","Toronto and East York","14","55",43.653514,-79.340778,"Intersection","At Intersection","Stop Sign","Clear","Daylight","Dry","Non-Fatal Injury","Cyclist Collisions","Cyclist","40 to 44","Major",0,"East","Bicycle","Going Ahead"," "," "," "," "," ","Motorist turns right at non-signal Inter.(stop, yield, no cont.,and dwy) and strikes cyclist.","Driving Properly","Normal",0,1,1,0,0,0,0,1,0,1,0,0,70,"South Riverdale (70)",859,0,100.4,13,51,22.8,24100
"860",80251332,5001652822,2015,2015-09-23,1700,17,"BOOTH AVE","LAKE SHORE BLVD E","1 m North of","Expressway","Toronto and East York","14","55",43.653514,-79.340778,"Intersection","At Intersection","Stop Sign","Clear","Daylight","Dry","Non-Fatal Injury","Cyclist Collisions","Passenger","65 to 69","None",0," "," "," "," "," "," "," "," "," "," "," ",0,1,1,0,0,0,0,1,0,1,0,0,70,"South Riverdale (70)",860,0,100.4,13,51,22.8,24100
"861",80213502,4002496866,2014,2014-07-14,1700,17,"YONGE ST","ELLERSLIE AVE"," ","Major Arterial","North York","18","32",43.771983,-79.413562,"Intersection","At Intersection","No Control","Clear","Daylight","Dry","Non-Fatal Injury","Turning Movement","Driver","35 to 39","None",0,"North","Automobile, Station Wagon","Turning Left","Failed to Yield Right of Way","Normal"," "," "," "," "," "," ",0,1,1,0,0,0,0,1,0,1,0,0,51,"Willowdale East (51)",861,0,98.94,13,50,22.4,24100
"862",80213503,4002496866,2014,2014-07-14,1700,17,"YONGE ST","ELLERSLIE AVE"," ","Major Arterial","North York","18","32",43.771983,-79.413562,"Intersection","At Intersection","No Control","Clear","Daylight","Dry","Non-Fatal Injury","Turning Movement","Moped Driver","40 to 44","Major",0,"South","Moped","Going Ahead","Driving Properly","Normal"," "," "," "," "," "," ",0,1,1,0,0,0,0,1,0,1,0,0,51,"Willowdale East (51)",862,0,98.94,13,50,22.4,24100
"863",80213504,4002496866,2014,2014-07-14,1700,17,"YONGE ST","ELLERSLIE AVE"," ","Major Arterial","North York","18","32",43.771983,-79.413562,"Intersection","At Intersection","No Control","Clear","Daylight","Dry","Non-Fatal Injury","Turning Movement","Passenger","5 to 9","None",0," "," "," "," "," "," "," "," "," "," "," ",0,1,1,0,0,0,0,1,0,1,0,0,51,"Willowdale East (51)",863,0,98.94,13,50,22.4,24100
"864",80213505,4002496866,2014,2014-07-14,1700,17,"YONGE ST","ELLERSLIE AVE"," ","Major Arterial","North York","18","32",43.771983,-79.413562,"Intersection","At Intersection","No Control","Clear","Daylight","Dry","Non-Fatal Injury","Turning Movement","Passenger","5 to 9","None",0," "," "," "," "," "," "," "," "," "," "," ",0,1,1,0,0,0,0,1,0,1,0,0,51,"Willowdale East (51)",864,0,98.94,13,50,22.4,24100
"865",80499093,6000304875,2016,2016-02-20,1700,17,"CONFEDERATION DR","STEVENWOOD RD"," ","Collector","Scarborough","24","43",43.755355,-79.221088,"Intersection","At Intersection","No Control","Clear","Daylight","Dry","Non-Fatal Injury","Cyclist Collisions","Driver","35 to 39","None",0,"West","Automobile, Station Wagon","Turning Left","Improper Turn","Normal"," "," "," "," "," "," ",0,1,1,0,0,0,0,0,0,0,0,0,137,"Woburn (137)",865,0,98.56,37,55,9.2,24100
"866",80499094,6000304875,2016,2016-02-20,1700,17,"CONFEDERATION DR","STEVENWOOD RD"," ","Collector","Scarborough","24","43",43.755355,-79.221088,"Intersection","At Intersection","No Control","Clear","Daylight","Dry","Non-Fatal Injury","Cyclist Collisions","Cyclist","35 to 39","Major",0,"East","Bicycle","Going Ahead"," "," "," "," "," ","Motorist turned left across cyclists path.","Driving Properly","Normal",0,1,1,0,0,0,0,0,0,0,0,0,137,"Woburn (137)",866,0,98.56,37,55,9.2,24100
"867",7448153,1308147,2012,2012-07-06,1700,17,"BATHURST ST","HARBORD ST"," ","Major Arterial","Toronto and East York","11","14",43.661545,-79.40979,"Intersection","At Intersection","Traffic Signal","Clear","Daylight","Dry","Non-Fatal Injury","Cyclist Collisions","Driver","25 to 29","None",0,"South","Automobile, Station Wagon","Going Ahead","Driving Properly","Normal"," "," "," "," "," "," ",0,1,1,0,0,0,0,0,0,0,0,0,80,"Palmerston-Little Italy (80)",867,0,99.17,13,29,35,24100
"868",7448154,1308147,2012,2012-07-06,1700,17,"BATHURST ST","HARBORD ST"," ","Major Arterial","Toronto and East York","11","14",43.661545,-79.40979,"Intersection","At Intersection","Traffic Signal","Clear","Daylight","Dry","Non-Fatal Injury","Cyclist Collisions","Cyclist","25 to 29","Major",0,"North","Bicycle","Turning Left"," "," "," "," "," ","Cyclist turned left across motorists path.","Disobeyed Traffic Control","Unknown",0,1,1,0,0,0,0,0,0,0,0,0,80,"Palmerston-Little Italy (80)",868,0,99.17,13,29,35,24100
"869",7527603,1305187,2012,2012-06-03,1700,17,"COLLEGE ST","BORDEN ST"," ","Major Arterial","Toronto and East York","11","14",43.657145,-79.40519,"Intersection","At Intersection","No Control","Clear","Daylight","Dry","Non-Fatal Injury","Cyclist Collisions","Driver","25 to 29","None",0,"East","Other","Parked","Other","Normal"," "," "," "," "," "," ",0,1,0,0,0,0,0,0,0,0,0,0,79,"University (79)",869,0,98.36,24,79,15.8,24100
"870",7527604,1305187,2012,2012-06-03,1700,17,"COLLEGE ST","BORDEN ST"," ","Major Arterial","Toronto and East York","11","14",43.657145,-79.40519,"Intersection","At Intersection","No Control","Clear","Daylight","Dry","Non-Fatal Injury","Cyclist Collisions","Cyclist","20 to 24","Major",0,"East","Bicycle","Going Ahead"," "," "," "," "," ","Cyclist struck opened vehicle door","Driving Properly","Normal",0,1,0,0,0,0,0,0,0,0,0,0,79,"University (79)",870,0,98.36,24,79,15.8,24100
"871",7536852,1340319,2012,2012-12-19,1700,17,"PALMERSTON BLVD","LENNOX ST"," ","Collector","Toronto and East York","11","14",43.663345,-79.41309,"Intersection","At Intersection","Stop Sign","Clear","Dark, artificial","Dry","Non-Fatal Injury","Cyclist Collisions","Driver","50 to 54","None",0,"South","Automobile, Station Wagon","Going Ahead","Driving Properly","Normal"," "," "," "," "," "," ",0,1,1,0,0,0,0,0,0,0,0,0,80,"Palmerston-Little Italy (80)",871,0,99.77,13,64,3.9,24100
"872",7536853,1340319,2012,2012-12-19,1700,17,"PALMERSTON BLVD","LENNOX ST"," ","Collector","Toronto and East York","11","14",43.663345,-79.41309,"Intersection","At Intersection","Stop Sign","Clear","Dark, artificial","Dry","Non-Fatal Injury","Cyclist Collisions","Cyclist","40 to 44","Major",0,"West","Bicycle","Going Ahead"," "," "," "," "," ","Cyclist without ROW rides into path of motorist at inter, lnwy, dwy-Cyclist not turn.","Failed to Yield Right of Way","Normal",0,1,1,0,0,0,0,0,0,0,0,0,80,"Palmerston-Little Italy (80)",872,0,99.77,13,64,3.9,24100
"873",80165082,4002352031,2014,2014-06-23,1700,17,"KING ST W","UNIVERSITY AVE"," ","Major Arterial","Toronto and East York","10","52",43.64765,-79.384799,"Intersection","Intersection Related","Traffic Signal","Clear","Daylight","Dry","Non-Fatal Injury","Cyclist Collisions","Truck Driver","60 to 64","None",0,"East","Truck - Open","Going Ahead","Following too Close","Inattentive"," "," "," "," "," "," ",0,1,0,0,1,0,0,0,0,1,0,0,76,"Bay Street Corridor (76)",873,0,99.39,10,60,23.4,24100
"874",80165083,4002352031,2014,2014-06-23,1700,17,"KING ST W","UNIVERSITY AVE"," ","Major Arterial","Toronto and East York","10","52",43.64765,-79.384799,"Intersection","Intersection Related","Traffic Signal","Clear","Daylight","Dry","Non-Fatal Injury","Cyclist Collisions","Cyclist","15 to 19","Major",0,"East"," ","Going Ahead"," "," "," "," "," ","Cyclist and Driver travelling in same direction. One vehicle rear-ended the other.","Driving Properly","Unknown",0,1,0,0,1,0,0,0,0,1,0,0,76,"Bay Street Corridor (76)",874,0,99.39,10,60,23.4,24100
"875",80172238,4002781365,2014,2014-08-26,1700,17,"ROGERS RD","SILVERTHORN AVE"," ","Minor Arterial","Toronto and East York","9,5","12",43.682765,-79.463306,"Intersection","Intersection Related","Traffic Signal","Clear","Daylight","Dry","Non-Fatal Injury","Cyclist Collisions","Driver","30 to 34","None",0,"West","Automobile, Station Wagon","Turning Right","Improper Turn","Normal"," "," "," "," "," "," ",0,1,1,0,0,0,0,0,0,0,0,0,110,"Keelesdale-Eglinton West (110)",875,0,99.48,25,59,30.8,24100
"876",80172239,4002781365,2014,2014-08-26,1700,17,"ROGERS RD","SILVERTHORN AVE"," ","Minor Arterial","Toronto and East York","9,5","12",43.682765,-79.463306,"Intersection","Intersection Related","Traffic Signal","Clear","Daylight","Dry","Non-Fatal Injury","Cyclist Collisions","Cyclist","30 to 34","Major",0,"West","Bicycle","Turning Right"," "," "," "," "," ","Motorist turning right on green or amber at signalized intersection strikes cyclist.","Driving Properly","Normal",0,1,1,0,0,0,0,0,0,0,0,0,110,"Keelesdale-Eglinton West (110)",876,0,99.48,25,59,30.8,24100
"877",7813700,1354069,2013,2013-04-08,1700,17,"JARVIS ST","EARL PL"," ","Major Arterial","Toronto and East York","13","51",43.667945,-79.37899,"Intersection"," ","Traffic Signal","Clear","Daylight","Wet","Non-Fatal Injury","Cyclist Collisions","Driver","50 to 54","None",0,"North","Automobile, Station Wagon","Going Ahead","Driving Properly","Normal"," "," "," "," "," "," ",0,1,1,0,0,0,0,0,0,0,0,0,74,"North St.James Town (74)",877,0,99.23,15,81,5.6,16100