"","Index_","ACCNUM","YEAR","DATE","TIME","Hour","STREET1","STREET2","OFFSET","ROAD_CLASS","District","WardNum","Division","LATITUDE","LONGITUDE","LOCCOORD","ACCLOC","TRAFFCTL","VISIBILITY","LIGHT","RDSFCOND","ACCLASS","IMPACTYPE","INVTYPE","INVAGE","INJURY","FATAL_NO","INITDIR","VEHTYPE","MANOEUVER","DRIVACT","DRIVCOND","PEDTYPE","PEDACT","PEDCOND","CYCLISTYPE","CYCACT","CYCCOND","PEDESTRIAN","CYCLIST","AUTOMOBILE","MOTORCYCLE","TRUCK","TRSN_CITY_","EMERG_VEH","PASSENGER","SPEEDING","AG_DRIV","REDLIGHT","ALCOHOL","Hood_ID","Neighbourh","ObjectId","isFATAL","pressure_station","wind_speed","relative_humidity","temperature","visibility_value"
"983",80252345,5001723055,2015,2015-10-06,800,8,"KING ST W","SUDBURY ST","15 m West of","Major Arterial","Toronto and East York","10","14",43.640975,-79.417232,"Intersection","Non Intersection","Traffic Signal","Clear","Daylight","Dry","Non-Fatal Injury","Cyclist Collisions","Driver","55 to 59","None",0,"East","Automobile, Station Wagon","Going Ahead","Driving Properly","Normal"," "," "," "," "," "," ",0,1,1,0,0,0,0,0,0,0,0,0,82,"Niagara (82)",983,0,99.91,7,87,13,24100
"984",5864472,1154355,2009,2009-06-02,800,8,"MANOR RD E","MOUNT PLEASANT RD"," ","Major Arterial","Toronto and East York","15,12","53",43.704245,-79.38859,"Intersection"," ","Traffic Signal","Clear","Daylight","Dry","Non-Fatal Injury","Cyclist Collisions","Driver","45 to 49","None",0,"West","Automobile, Station Wagon","Stopped","Driving Properly","Inattentive"," "," "," "," "," "," ",0,1,1,0,0,0,0,0,0,0,0,0,104,"Mount Pleasant West (104)",984,0,99.8,11,75,10.2,24100
"985",5864473,1154355,2009,2009-06-02,800,8,"MANOR RD E","MOUNT PLEASANT RD"," ","Major Arterial","Toronto and East York","15,12","53",43.704245,-79.38859,"Intersection"," ","Traffic Signal","Clear","Daylight","Dry","Non-Fatal Injury","Cyclist Collisions","Cyclist","20 to 24","Major",0,"West","Bicycle","Going Ahead"," "," "," "," "," ","Cyclist struck opened vehicle door","Driving Properly","Normal",0,1,1,0,0,0,0,0,0,0,0,0,104,"Mount Pleasant West (104)",985,0,99.8,11,75,10.2,24100
"986",7874117,1380106,2013,2013-07-25,800,8,"GLENROY Ave","HUMBERVALE Blvd"," ","Local","Etobicoke York","3","22",43.642501,-79.5079,"Intersection","At Intersection","Stop Sign","Clear","Daylight","Dry","Non-Fatal Injury","Cyclist Collisions","Driver","50 to 54","None",0,"West","Automobile, Station Wagon","Going Ahead","Driving Properly","Normal"," "," "," "," "," "," ",0,1,1,0,0,0,0,0,0,0,0,0,16,"Stonegate-Queensway (16)",986,0,99.89,8,73,16.1,24100
"987",7874118,1380106,2013,2013-07-25,800,8,"GLENROY Ave","HUMBERVALE Blvd"," ","Local","Etobicoke York","3","22",43.642501,-79.5079,"Intersection","At Intersection","Stop Sign","Clear","Daylight","Dry","Non-Fatal Injury","Cyclist Collisions","Cyclist","15 to 19","Major",0,"South","Bicycle","Going Ahead"," "," "," "," "," ","Cyclist without ROW rides into path of motorist at inter, lnwy, dwy-Cyclist not turn.","Failed to Yield Right of Way","Inattentive",0,1,1,0,0,0,0,0,0,0,0,0,16,"Stonegate-Queensway (16)",987,0,99.89,8,73,16.1,24100
"988",80000143,5000832268,2015,2015-05-19,800,8,"ROXBOROUGH ST E","WRENTHAM PL"," ","Collector","Toronto and East York","11","53",43.679423,-79.382312,"Intersection"," ","Stop Sign","Clear","Daylight, artificial","Dry","Fatal","Cyclist Collisions","Cyclist","75 to 79","Fatal",26,"North","Bicycle","Turning Left"," "," "," "," "," ","Cyclist turned left across motorists path.","Improper Turn","Unknown",0,1,1,0,0,0,0,0,0,0,0,0,98,"Rosedale-Moore Park (98)",988,1,99.26,21,61,13.9,24100
"989",80000144,5000832268,2015,2015-05-19,800,8,"ROXBOROUGH ST E","WRENTHAM PL"," ","Collector","Toronto and East York","11","53",43.679423,-79.382312,"Intersection"," ","Stop Sign","Clear","Daylight, artificial","Dry","Fatal","Cyclist Collisions","Driver","40 to 44","Minimal",0,"East","Automobile, Station Wagon","Going Ahead","Driving Properly","Normal"," "," "," "," "," "," ",0,1,1,0,0,0,0,0,0,0,0,0,98,"Rosedale-Moore Park (98)",989,1,99.26,21,61,13.9,24100
"990",7456219,1311577,2012,2012-07-23,800,8,"YONGE ST","GROSVENOR ST"," ","Major Arterial","Toronto and East York","13","51,52",43.663045,-79.38379,"Intersection","At Intersection","Traffic Signal","Clear","Daylight","Dry","Non-Fatal Injury","Cyclist Collisions","Driver","50 to 54","Minimal",0,"East","Automobile, Station Wagon","Turning Left","Driving Properly","Normal"," "," "," "," "," "," ",0,1,1,0,0,0,0,0,0,0,0,0,75,"Church-Yonge Corridor (75)",990,0,99.39,9,81,24.6,24100
"991",7456220,1311577,2012,2012-07-23,800,8,"YONGE ST","GROSVENOR ST"," ","Major Arterial","Toronto and East York","13","51,52",43.663045,-79.38379,"Intersection","At Intersection","Traffic Signal","Clear","Daylight","Dry","Non-Fatal Injury","Cyclist Collisions","Cyclist","25 to 29","Major",0,"North","Bicycle","Going Ahead"," "," "," "," "," ","Motorist turned left across cyclists path.","Disobeyed Traffic Control","Inattentive",0,1,1,0,0,0,0,0,0,0,0,0,75,"Church-Yonge Corridor (75)",991,0,99.39,9,81,24.6,24100
"992",80244877,5001212779,2015,2015-07-17,800,8,"SPADINA RD","DUPONT ST"," ","Major Arterial","Toronto and East York","11","14,53",43.674845,-79.407108,"Intersection","Intersection Related","Traffic Signal","Clear","Daylight","Wet","Non-Fatal Injury","Cyclist Collisions","Truck Driver","60 to 64","None",0,"North","Truck - Tank","Turning Right","Improper Turn","Inattentive"," "," "," "," "," "," ",0,1,0,0,1,0,0,0,0,0,0,0,95,"Annex (95)",992,0,99.37,8,84,17.3,24100
"993",80244878,5001212779,2015,2015-07-17,800,8,"SPADINA RD","DUPONT ST"," ","Major Arterial","Toronto and East York","11","14,53",43.674845,-79.407108,"Intersection","Intersection Related","Traffic Signal","Clear","Daylight","Wet","Non-Fatal Injury","Cyclist Collisions","Cyclist","25 to 29","Major",0,"North","Bicycle","Stopped"," "," "," "," "," ","Motorist turning right on green or amber at signalized intersection strikes cyclist.","Driving Properly","Normal",0,1,0,0,1,0,0,0,0,0,0,0,95,"Annex (95)",993,0,99.37,8,84,17.3,24100
"994",80241811,5001016196,2015,2015-06-17,800,8,"ARROWSTOOK RD","BURBANK DR"," ","Local","North York","17","33",43.771262,-79.37704,"Intersection","At Intersection","Stop Sign","Clear","Daylight","Dry","Non-Fatal Injury","Cyclist Collisions","Driver","35 to 39","None",0,"West","Automobile, Station Wagon","Turning Right","Other","Unknown"," "," "," "," "," "," ",0,1,1,0,0,0,0,1,0,0,0,0,52,"Bayview Village (52)",994,0,100.16,14,49,18,24100
"995",80241812,5001016196,2015,2015-06-17,800,8,"ARROWSTOOK RD","BURBANK DR"," ","Local","North York","17","33",43.771262,-79.37704,"Intersection","At Intersection","Stop Sign","Clear","Daylight","Dry","Non-Fatal Injury","Cyclist Collisions","Cyclist","60 to 64","Major",0,"South","Bicycle","Going Ahead"," "," "," "," "," ","Cyclist without ROW rides into path of motorist at inter, lnwy, dwy-Cyclist not turn.","Failed to Yield Right of Way","Inattentive",0,1,1,0,0,0,0,1,0,0,0,0,52,"Bayview Village (52)",995,0,100.16,14,49,18,24100
"996",80241813,5001016196,2015,2015-06-17,800,8,"ARROWSTOOK RD","BURBANK DR"," ","Local","North York","17","33",43.771262,-79.37704,"Intersection","At Intersection","Stop Sign","Clear","Daylight","Dry","Non-Fatal Injury","Cyclist Collisions","Passenger","0 to 4","None",0," "," "," "," "," "," "," "," "," "," "," ",0,1,1,0,0,0,0,1,0,0,0,0,52,"Bayview Village (52)",996,0,100.16,14,49,18,24100
"997",80241814,5001016196,2015,2015-06-17,800,8,"ARROWSTOOK RD","BURBANK DR"," ","Local","North York","17","33",43.771262,-79.37704,"Intersection","At Intersection","Stop Sign","Clear","Daylight","Dry","Non-Fatal Injury","Cyclist Collisions","Passenger","5 to 9","None",0," "," "," "," "," "," "," "," "," "," "," ",0,1,1,0,0,0,0,1,0,0,0,0,52,"Bayview Village (52)",997,0,100.16,14,49,18,24100
"998",80257195,5002035175,2015,2015-11-27,800,8,"RONCESVALLES AVE","GRENADIER RD","5 m North of","Minor Arterial","Toronto and East York","4","11",43.648932,-79.450061,"Intersection","Non Intersection","No Control","Clear","Daylight","Dry","Non-Fatal Injury","Cyclist Collisions","Driver","35 to 39","None",0,"North","Automobile, Station Wagon","Pulling Onto Shoulder or towardCurb","Failed to Yield Right of Way","Normal"," "," "," "," "," "," ",0,1,1,0,0,0,0,0,0,1,0,0,86,"Roncesvalles (86)",998,0,100.17,14,57,14.1,24100
"999",80257196,5002035175,2015,2015-11-27,800,8,"RONCESVALLES AVE","GRENADIER RD","5 m North of","Minor Arterial","Toronto and East York","4","11",43.648932,-79.450061,"Intersection","Non Intersection","No Control","Clear","Daylight","Dry","Non-Fatal Injury","Cyclist Collisions","Cyclist","15 to 19","Major",0,"North","Bicycle","Going Ahead"," "," "," "," "," ","Cyclist and Driver travelling in same direction. One vehicle sideswipes the other.","Driving Properly","Normal",0,1,1,0,0,0,0,0,0,1,0,0,86,"Roncesvalles (86)",999,0,100.17,14,57,14.1,24100
"1000",80784027,7001798069,2017,2017-10-04,800,8,"KENNEDY RD","FOXRIDGE DR"," ","Major Arterial","Scarborough","20","41",43.724085,-79.264446,"Intersection","At Intersection","No Control","Clear","Daylight","Dry","Non-Fatal Injury","Cyclist Collisions","Driver","80 to 84","None",0,"North","Automobile, Station Wagon","Turning Left","Failed to Yield Right of Way","Inattentive"," "," "," "," "," "," ",0,1,1,0,0,0,0,0,0,1,0,0,124,"Kennedy Park (124)",1000,0,100.3,16,68,20.5,24100
"1001",7892790,1387644,2013,2013-09-26,1800,18,"COLLEGE St","SHAW St"," ","Major Arterial","Toronto and East York","11","14",43.654845,-79.420291,"Intersection"," ","Stop Sign","Clear","Daylight","Dry","Non-Fatal Injury","Cyclist Collisions","Driver","25 to 29","None",0,"South","Automobile, Station Wagon","Turning Left","Failed to Yield Right of Way","Inattentive"," "," "," "," "," "," ",0,1,1,0,0,0,0,0,0,1,0,0,81,"Trinity-Bellwoods (81)",1001,0,99.91,9,49,19,24100
"1002",7892791,1387644,2013,2013-09-26,1800,18,"COLLEGE St","SHAW St"," ","Major Arterial","Toronto and East York","11","14",43.654845,-79.420291,"Intersection"," ","Stop Sign","Clear","Daylight","Dry","Non-Fatal Injury","Cyclist Collisions","Cyclist","40 to 44","Major",0,"West","Bicycle","Going Ahead"," "," "," "," "," ","Motorist turned left across cyclists path.","Driving Properly","Normal",0,1,1,0,0,0,0,0,0,1,0,0,81,"Trinity-Bellwoods (81)",1002,0,99.91,9,49,19,24100
"1003",80238359,5000780857,2015,2015-05-10,1800,18,"50 CARLTON ST"," ","4 m South of","Major Arterial","Toronto and East York","13","51",43.661402,-79.381549,"Mid-Block","Non Intersection","No Control","Clear","Daylight","Dry","Non-Fatal Injury","Cyclist Collisions","Cyclist","60 to 64","Major",0,"East","Bicycle","Changing Lanes"," "," "," "," "," ","Cyclist and Driver travelling in same direction. One vehicle sideswipes the other.","Improper Lane Change","Had Been Drinking",0,1,0,0,1,0,0,0,0,0,0,0,75,"Church-Yonge Corridor (75)",1003,0,99.57,9,72,22.8,24100
"1004",80238360,5000780857,2015,2015-05-10,1800,18,"50 CARLTON ST"," ","4 m South of","Major Arterial","Toronto and East York","13","51",43.661402,-79.381549,"Mid-Block","Non Intersection","No Control","Clear","Daylight","Dry","Non-Fatal Injury","Cyclist Collisions","Truck Driver","45 to 49","None",0,"West","Truck - Closed (Blazer, etc)","Going Ahead","Driving Properly","Normal"," "," "," "," "," "," ",0,1,0,0,1,0,0,0,0,0,0,0,75,"Church-Yonge Corridor (75)",1004,0,99.57,9,72,22.8,24100
"1005",80240865,5000955442,2015,2015-06-07,1800,18,"YONGE ST","LAWRENCE AVE E"," ","Major Arterial","North York","15,8","32,53",43.725032,-79.402156,"Intersection","At Intersection","Traffic Signal","Clear","Daylight","Dry","Non-Fatal Injury","Cyclist Collisions","Cyclist","50 to 54","Major",0,"North","Bicycle","Going Ahead"," "," "," "," "," ","Cyclist and Driver travelling in same direction. One vehicle sideswipes the other.","Lost control","Normal",0,1,0,0,0,1,0,0,0,0,0,0,103,"Lawrence Park South (103)",1005,0,98.86,16,54,19.4,24100
"1006",80542794,6000951747,2016,2016-06-01,1900,19,"DUNDAS ST W","BROCK AVE"," ","Minor Arterial","Toronto and East York","9","11",43.649817,-79.435558,"Intersection","At Intersection","Traffic Signal","Clear","Daylight","Dry","Non-Fatal Injury","Cyclist Collisions","Cyclist","30 to 34","Major",0,"West","Bicycle","Turning Left"," "," "," "," "," ","Cyclist turned left across motorists path.","Disobeyed Traffic Control","Inattentive",0,1,1,0,0,0,0,0,0,0,0,0,84,"Little Portugal (84)",1006,0,99.6,16,50,19.1,24100
"1007",80240866,5000955442,2015,2015-06-07,1800,18,"YONGE ST","LAWRENCE AVE E"," ","Major Arterial","North York","15,8","32,53",43.725032,-79.402156,"Intersection","At Intersection","Traffic Signal","Clear","Daylight","Dry","Non-Fatal Injury","Cyclist Collisions","Driver","45 to 49","None",0,"North","Municipal Transit Bus (TTC)","Going Ahead","Driving Properly","Normal"," "," "," "," "," "," ",0,1,0,0,0,1,0,0,0,0,0,0,103,"Lawrence Park South (103)",1007,0,98.86,16,54,19.4,24100
"1008",5266119,1116367,2009,2009-06-21,1800,18,"DANFORTH AVE","WOODYCREST AVE"," ","Major Arterial","Toronto and East York","14","54,55",43.679545,-79.34179,"Intersection"," ","No Control","Clear","Daylight","Dry","Non-Fatal Injury","Cyclist Collisions","Driver","30 to 34","None",0,"East","Automobile, Station Wagon","Parked","Other","Inattentive"," "," "," "," "," "," ",0,1,1,0,0,0,0,0,0,0,0,0,69,"Blake-Jones (69)",1008,0,98.81,26,59,25.5,24100
"1009",5266120,1116367,2009,2009-06-21,1800,18,"DANFORTH AVE","WOODYCREST AVE"," ","Major Arterial","Toronto and East York","14","54,55",43.679545,-79.34179,"Intersection"," ","No Control","Clear","Daylight","Dry","Non-Fatal Injury","Cyclist Collisions","Cyclist","35 to 39","Major",0,"East","Bicycle","Overtaking"," "," "," "," "," ","Cyclist struck opened vehicle door","Driving Properly","Normal",0,1,1,0,0,0,0,0,0,0,0,0,69,"Blake-Jones (69)",1009,0,98.81,26,59,25.5,24100
"1010",80935880,7002025111,2017,2017-11-08,1800,18,"TRETHEWEY DR","IRVING RD","20 m North of","Minor Arterial","Etobicoke York","5","12",43.692324,-79.477252,"Intersection","Non Intersection","No Control","Clear","Dark, artificial","Dry","Non-Fatal Injury","Cyclist Collisions","Cyclist","55 to 59","Major",0,"West","Bicycle","Going Ahead"," "," "," "," "," ","Cyclist and Driver travelling in same direction. One vehicle rear-ended the other.","Driving Properly","Normal",0,1,1,0,0,0,0,0,1,1,0,0,112,"Beechborough-Greenbrook (112)",1010,0,100.2,10,54,3.6,24100
"1011",80935881,7002025111,2017,2017-11-08,1800,18,"TRETHEWEY DR","IRVING RD","20 m North of","Minor Arterial","Etobicoke York","5","12",43.692324,-79.477252,"Intersection","Non Intersection","No Control","Clear","Dark, artificial","Dry","Non-Fatal Injury","Cyclist Collisions","Driver","60 to 64","None",0,"West","Automobile, Station Wagon","Going Ahead","Improper Passing","Inattentive"," "," "," "," "," "," ",0,1,1,0,0,0,0,0,1,1,0,0,112,"Beechborough-Greenbrook (112)",1011,0,100.2,10,54,3.6,24100
"1012",7875283,1380620,2013,2013-07-28,1800,18,"QUEEN St E","VANCOUVER Ave"," ","Minor Arterial","Toronto and East York","14","55",43.664683,-79.32397,"Intersection","At Intersection","No Control","Clear","Daylight","Dry","Non-Fatal Injury","Cyclist Collisions","Vehicle Owner","unknown"," ",0," ","Other"," "," "," "," "," "," "," "," "," ",0,1,1,0,0,0,0,0,0,0,0,0,65,"Greenwood-Coxwell (65)",1012,0,99.24,26,51,19.9,24100
"1013",7875284,1380620,2013,2013-07-28,1800,18,"QUEEN St E","VANCOUVER Ave"," ","Minor Arterial","Toronto and East York","14","55",43.664683,-79.32397,"Intersection","At Intersection","No Control","Clear","Daylight","Dry","Non-Fatal Injury","Cyclist Collisions","Driver","25 to 29","None",0,"West","Automobile, Station Wagon","Going Ahead","Driving Properly","Normal"," "," "," "," "," "," ",0,1,1,0,0,0,0,0,0,0,0,0,65,"Greenwood-Coxwell (65)",1013,0,99.24,26,51,19.9,24100
"1014",7875285,1380620,2013,2013-07-28,1800,18,"QUEEN St E","VANCOUVER Ave"," ","Minor Arterial","Toronto and East York","14","55",43.664683,-79.32397,"Intersection","At Intersection","No Control","Clear","Daylight","Dry","Non-Fatal Injury","Cyclist Collisions","Vehicle Owner","unknown"," ",0," ","Other"," "," "," "," "," "," "," "," "," ",0,1,1,0,0,0,0,0,0,0,0,0,65,"Greenwood-Coxwell (65)",1014,0,99.24,26,51,19.9,24100
"1015",7875286,1380620,2013,2013-07-28,1800,18,"QUEEN St E","VANCOUVER Ave"," ","Minor Arterial","Toronto and East York","14","55",43.664683,-79.32397,"Intersection","At Intersection","No Control","Clear","Daylight","Dry","Non-Fatal Injury","Cyclist Collisions","Driver","35 to 39","None",0,"West","Automobile, Station Wagon","Parked","Other","Inattentive"," "," "," "," "," "," ",0,1,1,0,0,0,0,0,0,0,0,0,65,"Greenwood-Coxwell (65)",1015,0,99.24,26,51,19.9,24100
"1016",7875287,1380620,2013,2013-07-28,1800,18,"QUEEN St E","VANCOUVER Ave"," ","Minor Arterial","Toronto and East York","14","55",43.664683,-79.32397,"Intersection","At Intersection","No Control","Clear","Daylight","Dry","Non-Fatal Injury","Cyclist Collisions","Cyclist","40 to 44","Major",0,"West","Bicycle","Going Ahead"," "," "," "," "," ","Cyclist struck opened vehicle door","Driving Properly","Normal",0,1,1,0,0,0,0,0,0,0,0,0,65,"Greenwood-Coxwell (65)",1016,0,99.24,26,51,19.9,24100
"1017",80632056,6001283246,2016,2016-07-21,2100,21,"THE EAST MALL","RATHBURN RD","137 m South of","Minor Arterial","Etobicoke York","2","22",43.653208,-79.563464,"Mid-Block","Non Intersection","No Control","Clear","Dark, artificial","Dry","Non-Fatal Injury","Cyclist Collisions","Passenger","35 to 39","None",0," "," "," "," "," "," "," "," "," "," "," ",0,1,1,0,0,0,0,1,0,0,0,0,14,"Islington-City Centre West (14)",1017,0,99.19,19,62,28.8,24100
"1018",6681679,1256606,2011,2011-08-03,1800,18,"AILEEN AVE","KEELE ST"," ","Local","Etobicoke York","5","12",43.683345,-79.47149,"Mid-Block"," ","No Control","Rain","Daylight","Wet","Non-Fatal Injury","Cyclist Collisions","Driver","45 to 49","None",0,"East","Automobile, Station Wagon","Going Ahead","Driving Properly","Normal"," "," "," "," "," "," ",0,1,1,0,0,0,0,0,0,0,0,0,110,"Keelesdale-Eglinton West (110)",1018,0,98.55,19,90,19.8,12900
"1019",6681680,1256606,2011,2011-08-03,1800,18,"AILEEN AVE","KEELE ST"," ","Local","Etobicoke York","5","12",43.683345,-79.47149,"Mid-Block"," ","No Control","Rain","Daylight","Wet","Non-Fatal Injury","Cyclist Collisions","Cyclist","10 to 14","Major",0,"North","Bicycle","Going Ahead"," "," "," "," "," ","Cyclist without ROW rides into path of motorist at inter, lnwy, dwy-Cyclist not turn.","Failed to Yield Right of Way","Inattentive",0,1,1,0,0,0,0,0,0,0,0,0,110,"Keelesdale-Eglinton West (110)",1019,0,98.55,19,90,19.8,12900
"1020",5252135,1110181,2009,2009-06-19,1800,18,"PARLIAMENT ST","OAK ST"," ","Minor Arterial","Toronto and East York","13","51",43.660645,-79.36649,"Intersection","At Intersection","Pedestrian Crossover","Clear","Daylight","Dry","Non-Fatal Injury","Cyclist Collisions","Passenger","30 to 34","None",0," ","Other"," "," "," "," "," "," "," "," "," ",0,1,1,0,0,0,0,1,0,1,0,0,72,"Regent Park (72)",1020,0,98.89,15,58,22.3,24100
"1021",5252136,1110181,2009,2009-06-19,1800,18,"PARLIAMENT ST","OAK ST"," ","Minor Arterial","Toronto and East York","13","51",43.660645,-79.36649,"Intersection","At Intersection","Pedestrian Crossover","Clear","Daylight","Dry","Non-Fatal Injury","Cyclist Collisions","Driver","25 to 29","None",0,"South","Automobile, Station Wagon","Going Ahead","Disobeyed Traffic Control","Inattentive"," "," "," "," "," "," ",0,1,1,0,0,0,0,1,0,1,0,0,72,"Regent Park (72)",1021,0,98.89,15,58,22.3,24100
"1022",5252137,1110181,2009,2009-06-19,1800,18,"PARLIAMENT ST","OAK ST"," ","Minor Arterial","Toronto and East York","13","51",43.660645,-79.36649,"Intersection","At Intersection","Pedestrian Crossover","Clear","Daylight","Dry","Non-Fatal Injury","Cyclist Collisions","Cyclist","5 to 9","Major",0,"West","Bicycle","Going Ahead"," "," "," "," "," ","Cyclist struck at PXO(cyclist either travel in same dir. as veh. or ride across xwalk)","Other","Normal",0,1,1,0,0,0,0,1,0,1,0,0,72,"Regent Park (72)",1022,0,98.89,15,58,22.3,24100
"1023",7875093,1380543,2013,2013-07-24,1800,18,"FRONT ST W","BLUE JAYS WAY"," ","Minor Arterial","Toronto and East York","10","52",43.643408,-79.391277,"Intersection"," ","Traffic Signal","Clear","Daylight","Dry","Non-Fatal Injury","Cyclist Collisions","Driver","35 to 39","None",0,"West","Automobile, Station Wagon","Turning Left","Failed to Yield Right of Way","Normal"," "," "," "," "," "," ",0,1,1,0,0,0,0,0,0,1,0,0,77,"Waterfront Communities-The Island (77)",1023,0,99.48,10,44,20.8,24100
"1024",7875094,1380543,2013,2013-07-24,1800,18,"FRONT ST W","BLUE JAYS WAY"," ","Minor Arterial","Toronto and East York","10","52",43.643408,-79.391277,"Intersection"," ","Traffic Signal","Clear","Daylight","Dry","Non-Fatal Injury","Cyclist Collisions","Cyclist","25 to 29","Major",0,"East","Bicycle","Going Ahead"," "," "," "," "," ","Motorist turned left across cyclists path.","Driving Properly","Unknown",0,1,1,0,0,0,0,0,0,1,0,0,77,"Waterfront Communities-The Island (77)",1024,0,99.48,10,44,20.8,24100
"1025",80178884,4003213460,2014,2014-10-31,1800,18,"REXDALE BLVD","HIGHWAY 27  S"," ","Major Arterial","Etobicoke York","1","23",43.717257,-79.595607,"Intersection","At Intersection","Traffic Signal","Rain","Dark, artificial","Wet","Non-Fatal Injury","Cyclist Collisions","Driver","25 to 29","None",0,"East","Automobile, Station Wagon","Going Ahead","Driving Properly","Normal"," "," "," "," "," "," ",0,1,1,0,0,0,0,1,0,0,0,0,1,"West Humber-Clairville (1)",1025,0,99.27,13,93,6.5,8100
"1026",80178885,4003213460,2014,2014-10-31,1800,18,"REXDALE BLVD","HIGHWAY 27  S"," ","Major Arterial","Etobicoke York","1","23",43.717257,-79.595607,"Intersection","At Intersection","Traffic Signal","Rain","Dark, artificial","Wet","Non-Fatal Injury","Cyclist Collisions","Passenger","30 to 34","None",0," "," "," "," "," "," "," "," "," "," "," ",0,1,1,0,0,0,0,1,0,0,0,0,1,"West Humber-Clairville (1)",1026,0,99.27,13,93,6.5,8100
"1027",80178886,4003213460,2014,2014-10-31,1800,18,"REXDALE BLVD","HIGHWAY 27  S"," ","Major Arterial","Etobicoke York","1","23",43.717257,-79.595607,"Intersection","At Intersection","Traffic Signal","Rain","Dark, artificial","Wet","Non-Fatal Injury","Cyclist Collisions","Passenger","10 to 14","None",0," "," "," "," "," "," "," "," "," "," "," ",0,1,1,0,0,0,0,1,0,0,0,0,1,"West Humber-Clairville (1)",1027,0,99.27,13,93,6.5,8100
"1028",80178887,4003213460,2014,2014-10-31,1800,18,"REXDALE BLVD","HIGHWAY 27  S"," ","Major Arterial","Etobicoke York","1","23",43.717257,-79.595607,"Intersection","At Intersection","Traffic Signal","Rain","Dark, artificial","Wet","Non-Fatal Injury","Cyclist Collisions","Passenger","10 to 14","None",0," "," "," "," "," "," "," "," "," "," "," ",0,1,1,0,0,0,0,1,0,0,0,0,1,"West Humber-Clairville (1)",1028,0,99.27,13,93,6.5,8100
"1029",80178888,4003213460,2014,2014-10-31,1800,18,"REXDALE BLVD","HIGHWAY 27  S"," ","Major Arterial","Etobicoke York","1","23",43.717257,-79.595607,"Intersection","At Intersection","Traffic Signal","Rain","Dark, artificial","Wet","Non-Fatal Injury","Cyclist Collisions","Passenger","5 to 9","None",0," "," "," "," "," "," "," "," "," "," "," ",0,1,1,0,0,0,0,1,0,0,0,0,1,"West Humber-Clairville (1)",1029,0,99.27,13,93,6.5,8100
"1030",80178889,4003213460,2014,2014-10-31,1800,18,"REXDALE BLVD","HIGHWAY 27  S"," ","Major Arterial","Etobicoke York","1","23",43.717257,-79.595607,"Intersection","At Intersection","Traffic Signal","Rain","Dark, artificial","Wet","Non-Fatal Injury","Cyclist Collisions","Cyclist","75 to 79","Major",0,"East","Bicycle","Unknown"," "," "," "," "," ","Cyclist and Driver travelling in same direction. One vehicle sideswipes the other.","Other","Normal",0,1,1,0,0,0,0,1,0,0,0,0,1,"West Humber-Clairville (1)",1030,0,99.27,13,93,6.5,8100
"1031",6153492,1173424,2010,2010-06-15,1800,18,"DOVERCOURT RD","DUPONT ST"," ","Major Arterial","Toronto and East York","9","14",43.669645,-79.43279,"Intersection","At Intersection","Traffic Signal","Clear","Daylight","Dry","Non-Fatal Injury","Cyclist Collisions","Driver","45 to 49","None",0,"North","Automobile, Station Wagon","Going Ahead","Disobeyed Traffic Control","Ability Impaired, Alcohol Over .08"," "," "," "," "," "," ",0,1,1,0,0,0,0,0,1,1,1,1,93,"Dovercourt-Wallace Emerson-Junction (93)",1031,0,99.87,13,33,22.1,24100
"1032",6153493,1173424,2010,2010-06-15,1800,18,"DOVERCOURT RD","DUPONT ST"," ","Major Arterial","Toronto and East York","9","14",43.669645,-79.43279,"Intersection","At Intersection","Traffic Signal","Clear","Daylight","Dry","Non-Fatal Injury","Cyclist Collisions","Cyclist","25 to 29","Major",0,"East","Bicycle","Going Ahead"," "," "," "," "," ","Cyclist without ROW rides into path of motorist at inter, lnwy, dwy-Cyclist not turn.","Disobeyed Traffic Control","Normal",0,1,1,0,0,0,0,0,1,1,1,1,93,"Dovercourt-Wallace Emerson-Junction (93)",1032,0,99.87,13,33,22.1,24100
"1033",7808065,1351606,2013,2013-04-13,1800,18,"KENNEDY RD","401 C E KENNEDY RAMP RD E"," ","Expressway","Scarborough","21","41",43.773146,-79.283893,"Intersection","At Intersection","Traffic Signal","Clear","Dusk","Dry","Fatal","Cyclist Collisions","Driver","40 to 44","None",0,"South","Automobile, Station Wagon","Going Ahead","Driving Properly","Normal"," "," "," "," "," "," ",0,1,1,0,0,0,0,1,1,1,1,1,126,"Dorset Park (126)",1033,1,98.95,20,72,4.6,24100