"","Index_","ACCNUM","YEAR","DATE","TIME","Hour","STREET1","STREET2","OFFSET","ROAD_CLASS","District","WardNum","Division","LATITUDE","LONGITUDE","LOCCOORD","ACCLOC","TRAFFCTL","VISIBILITY","LIGHT","RDSFCOND","ACCLASS","IMPACTYPE","INVTYPE","INVAGE","INJURY","FATAL_NO","INITDIR","VEHTYPE","MANOEUVER","DRIVACT","DRIVCOND","PEDTYPE","PEDACT","PEDCOND","CYCLISTYPE","CYCACT","CYCCOND","PEDESTRIAN","CYCLIST","AUTOMOBILE","MOTORCYCLE","TRUCK","TRSN_CITY_","EMERG_VEH","PASSENGER","SPEEDING","AG_DRIV","REDLIGHT","ALCOHOL","Hood_ID","Neighbourh","ObjectId","isFATAL","pressure_station","wind_speed","relative_humidity","temperature","visibility_value"
"1291",80631117,4002525835,2014,2014-07-18,2200,22,"GERRARD ST E","PEMBROKE ST"," ","Minor Arterial","Toronto and East York","13","51",43.660868,-79.373523,"Intersection","At Intersection","No Control","Clear","Dark","Dry","Non-Fatal Injury","Cyclist Collisions","Cyclist","25 to 29","Major",0,"South","Bicycle","Going Ahead"," "," "," "," "," ","Cyclist without ROW rides into path of motorist at inter, lnwy, dwy-Cyclist not turn.","Failed to Yield Right of Way","Had Been Drinking",0,1,1,0,0,0,0,1,0,1,0,0,73,"Moss Park (73)",1291,0,100.23,7,47,19.7,24100
"1292",80631118,4002525835,2014,2014-07-18,2200,22,"GERRARD ST E","PEMBROKE ST"," ","Minor Arterial","Toronto and East York","13","51",43.660868,-79.373523,"Intersection","At Intersection","No Control","Clear","Dark","Dry","Non-Fatal Injury","Cyclist Collisions","Driver","25 to 29","None",0,"West","Automobile, Station Wagon","Going Ahead","Driving Properly","Normal"," "," "," "," "," "," ",0,1,1,0,0,0,0,1,0,1,0,0,73,"Moss Park (73)",1292,0,100.23,7,47,19.7,24100
"1293",80631119,4002525835,2014,2014-07-18,2200,22,"GERRARD ST E","PEMBROKE ST"," ","Minor Arterial","Toronto and East York","13","51",43.660868,-79.373523,"Intersection","At Intersection","No Control","Clear","Dark","Dry","Non-Fatal Injury","Cyclist Collisions","Passenger","25 to 29","None",0," "," "," "," "," "," "," "," "," "," "," ",0,1,1,0,0,0,0,1,0,1,0,0,73,"Moss Park (73)",1293,0,100.23,7,47,19.7,24100
"1294",5388635,1051130,2008,2008-07-31,2200,22,"LOWER JARVIS ST","THE ESPLANADE"," ","Major Arterial","Toronto and East York","13,10","51",43.648245,-79.37089,"Intersection","At Intersection","Traffic Signal","Clear","Dark","Dry","Non-Fatal Injury","Cyclist Collisions","Vehicle Owner","unknown"," ",0," ","Other"," "," "," "," "," "," "," "," "," ",0,1,1,0,0,0,0,0,0,1,1,1,77,"Waterfront Communities-The Island (77)",1294,0,98.52,19,69,20.9,24100
"1295",5388636,1051130,2008,2008-07-31,2200,22,"LOWER JARVIS ST","THE ESPLANADE"," ","Major Arterial","Toronto and East York","13,10","51",43.648245,-79.37089,"Intersection","At Intersection","Traffic Signal","Clear","Dark","Dry","Non-Fatal Injury","Cyclist Collisions","Driver","55 to 59","None",0,"South","Automobile, Station Wagon","Going Ahead","Disobeyed Traffic Control","Ability Impaired, Alcohol Over .08"," "," "," "," "," "," ",0,1,1,0,0,0,0,0,0,1,1,1,77,"Waterfront Communities-The Island (77)",1295,0,98.52,19,69,20.9,24100
"1296",5388637,1051130,2008,2008-07-31,2200,22,"LOWER JARVIS ST","THE ESPLANADE"," ","Major Arterial","Toronto and East York","13,10","51",43.648245,-79.37089,"Intersection","At Intersection","Traffic Signal","Clear","Dark","Dry","Non-Fatal Injury","Cyclist Collisions","Cyclist","50 to 54","Major",0,"North","Bicycle","Turning Left"," "," "," "," "," ","Cyclist turned left across motorists path.","Driving Properly","Normal",0,1,1,0,0,0,0,0,0,1,1,1,77,"Waterfront Communities-The Island (77)",1296,0,98.52,19,69,20.9,24100
"1297",6214096,1199237,2010,2010-10-02,2200,22,"145 COURCELETTE RD"," "," ","Local","Scarborough","20","41",43.68035,-79.279674,"Mid-Block","Non Intersection","No Control","Clear","Dark","Dry","Non-Fatal Injury","Cyclist Collisions","Driver","60 to 64","None",0,"North","Automobile, Station Wagon","Turning Left","Improper Turn","Unknown"," "," "," "," "," "," ",0,1,1,0,0,0,0,0,0,0,0,0,122,"Birchcliffe-Cliffside (122)",1297,0,100.02,19,81,8.2,24100
"1298",6214097,1199237,2010,2010-10-02,2200,22,"145 COURCELETTE RD"," "," ","Local","Scarborough","20","41",43.68035,-79.279674,"Mid-Block","Non Intersection","No Control","Clear","Dark","Dry","Non-Fatal Injury","Cyclist Collisions","Cyclist","55 to 59","Major",0,"South","Bicycle","Going Ahead"," "," "," "," "," ","Cyclist falls off bike - no contact with motorist.","Lost control","Normal",0,1,1,0,0,0,0,0,0,0,0,0,122,"Birchcliffe-Cliffside (122)",1298,0,100.02,19,81,8.2,24100
"1299",80632014,5000859369,2015,2015-05-21,2300,22,"YONGE ST","FRONT ST E","10 m North of","Major Arterial","Toronto and East York","13,10","51,52",43.646811,-79.376933,"Intersection","At Intersection","Traffic Signal","Clear","Dark, artificial","Dry","Non-Fatal Injury","Cyclist Collisions","Cyclist","35 to 39","Major",0,"South","Bicycle","Overtaking"," "," "," "," "," ","Cyclist and Driver travelling in same direction. One vehicle sideswipes the other.","Improper Passing","Normal",0,1,1,0,0,0,0,1,0,0,0,0,77,"Waterfront Communities-The Island (77)",1299,0,99.05,14,35,15.1,24100
"1300",80632015,5000859369,2015,2015-05-21,2300,22,"YONGE ST","FRONT ST E","10 m North of","Major Arterial","Toronto and East York","13,10","51,52",43.646811,-79.376933,"Intersection","At Intersection","Traffic Signal","Clear","Dark, artificial","Dry","Non-Fatal Injury","Cyclist Collisions","Driver","60 to 64","None",0,"South","Pick Up Truck","Going Ahead","Driving Properly","Normal"," "," "," "," "," "," ",0,1,1,0,0,0,0,1,0,0,0,0,77,"Waterfront Communities-The Island (77)",1300,0,99.05,14,35,15.1,24100
"1301",80632016,5000859369,2015,2015-05-21,2300,22,"YONGE ST","FRONT ST E","10 m North of","Major Arterial","Toronto and East York","13,10","51,52",43.646811,-79.376933,"Intersection","At Intersection","Traffic Signal","Clear","Dark, artificial","Dry","Non-Fatal Injury","Cyclist Collisions","Passenger","20 to 24","None",0," "," "," "," "," "," "," "," "," "," "," ",0,1,1,0,0,0,0,1,0,0,0,0,77,"Waterfront Communities-The Island (77)",1301,0,99.05,14,35,15.1,24100
"1302",7814391,1354394,2013,2013-04-05,2300,22,"BLOOR ST W","MARGUERETTA ST"," ","Major Arterial","Toronto and East York","9","11",43.658946,-79.439693,"Intersection","At Intersection","No Control","Clear","Dark","Dry","Non-Fatal Injury","Cyclist Collisions","Driver","unknown","None",0,"West","Automobile, Station Wagon","Going Ahead","Improper Passing","Unknown"," "," "," "," "," "," ",0,1,1,0,0,0,0,0,0,1,0,0,83,"Dufferin Grove (83)",1302,0,100.07,17,58,-1.3,24100
"1303",7814392,1354394,2013,2013-04-05,2300,22,"BLOOR ST W","MARGUERETTA ST"," ","Major Arterial","Toronto and East York","9","11",43.658946,-79.439693,"Intersection","At Intersection","No Control","Clear","Dark","Dry","Non-Fatal Injury","Cyclist Collisions","Cyclist","35 to 39","Major",0,"West","Bicycle","Going Ahead"," "," "," "," "," ","Cyclist and Driver travelling in same direction. One vehicle rear-ended the other."," "," ",0,1,1,0,0,0,0,0,0,1,0,0,83,"Dufferin Grove (83)",1303,0,100.07,17,58,-1.3,24100
"1304",80951002,8001574808,2018,2018-08-25,2300,23,"CHURCH ST","CROSS ST"," ","Collector","Etobicoke York","5","12",43.703757,-79.523952,"Intersection","At Intersection","No Control","Clear","Dark, artificial","Dry","Non-Fatal Injury","Cyclist Collisions","Driver","45 to 49","None",0,"East","Passenger Van","Turning Left","Improper Turn","Inattentive"," "," "," "," "," "," ",0,1,1,0,0,0,0,0,0,0,0,0,113,"Weston (113)",1304,0,99.59,9,83,22,24100
"1305",80951003,8001574808,2018,2018-08-25,2300,23,"CHURCH ST","CROSS ST"," ","Collector","Etobicoke York","5","12",43.703757,-79.523952,"Intersection","At Intersection","No Control","Clear","Dark, artificial","Dry","Non-Fatal Injury","Cyclist Collisions","Cyclist","40 to 44","Major",0,"West","Bicycle","Going Ahead"," "," "," "," "," ","Motorist turned left across cyclists path.","Driving Properly","Normal",0,1,1,0,0,0,0,0,0,0,0,0,113,"Weston (113)",1305,0,99.59,9,83,22,24100
"1306",6661545,1247894,2011,2011-08-04,2300,23,"YORK MILLS RD","DVP N YORK MILLS W RAMP"," ","Expressway","North York","16","33",43.758891,-79.334056,"Intersection"," ","Traffic Signal","Clear","Dark","Dry","Non-Fatal Injury","Cyclist Collisions","Driver","40 to 44","None",0,"North","Automobile, Station Wagon","Stopped","Driving Properly","Normal"," "," "," "," "," "," ",0,1,1,0,0,0,0,0,0,0,0,0,45,"Parkwoods-Donalda (45)",1306,0,99.56,0,78,21.6,24100
"1307",6661546,1247894,2011,2011-08-04,2300,23,"YORK MILLS RD","DVP N YORK MILLS W RAMP"," ","Expressway","North York","16","33",43.758891,-79.334056,"Intersection"," ","Traffic Signal","Clear","Dark","Dry","Non-Fatal Injury","Cyclist Collisions","Cyclist","20 to 24","Major",0,"West","Bicycle","Going Ahead"," "," "," "," "," ","Cyclist without ROW rides into path of motorist at inter, lnwy, dwy-Cyclist not turn.","Disobeyed Traffic Control","Unknown",0,1,1,0,0,0,0,0,0,0,0,0,45,"Parkwoods-Donalda (45)",1307,0,99.56,0,78,21.6,24100
"1308",6139785,1167297,2010,2010-04-24,2300,23,"DUNDAS Stre W","COLLEGE Stre"," ","Minor Arterial","Toronto and East York","9","11",43.650345,-79.44159,"Mid-Block"," ","No Control","Clear","Dark","Dry","Non-Fatal Injury","Cyclist Collisions","Driver","80 to 84","None",0,"East","Automobile, Station Wagon","Going Ahead","Exceeding Speed Limit","Inattentive"," "," "," "," "," "," ",0,1,1,0,0,0,0,0,1,1,0,0,84,"Little Portugal (84)",1308,0,98.78,9,31,14.5,24100
"1309",6139786,1167297,2010,2010-04-24,2300,23,"DUNDAS Stre W","COLLEGE Stre"," ","Minor Arterial","Toronto and East York","9","11",43.650345,-79.44159,"Mid-Block"," ","No Control","Clear","Dark","Dry","Non-Fatal Injury","Cyclist Collisions","Cyclist","25 to 29","Major",0,"East","Bicycle","Stopped"," "," "," "," "," ","Cyclist and Driver travelling in same direction. One vehicle rear-ended the other.","Driving Properly","Normal",0,1,1,0,0,0,0,0,1,1,0,0,84,"Little Portugal (84)",1309,0,98.78,9,31,14.5,24100
"1310",5792382,1103248,2009,2009-05-07,2300,23,"COXWELL AVE","CASCI AVE"," ","Minor Arterial","Toronto and East York","19,14","55",43.676543,-79.320789,"Intersection"," ","No Control","Clear","Dark","Dry","Non-Fatal Injury","Cyclist Collisions","Driver","15 to 19","None",0,"North","Passenger Van","Going Ahead","Driving Properly","Normal"," "," "," "," "," "," ",0,1,1,0,0,0,0,0,0,0,0,0,64,"Woodbine Corridor (64)",1310,0,98.69,9,75,13.9,24100
"1311",5792383,1103248,2009,2009-05-07,2300,23,"COXWELL AVE","CASCI AVE"," ","Minor Arterial","Toronto and East York","19,14","55",43.676543,-79.320789,"Intersection"," ","No Control","Clear","Dark","Dry","Non-Fatal Injury","Cyclist Collisions","Cyclist","15 to 19","Major",0,"North","Bicycle","Changing Lanes"," "," "," "," "," ","Cyclist and Driver travelling in same direction. One vehicle sideswipes the other.","Improper Lane Change"," ",0,1,1,0,0,0,0,0,0,0,0,0,64,"Woodbine Corridor (64)",1311,0,98.69,9,75,13.9,24100
"1312",6279953,1191582,2010,2010-09-26,2300,23,"LAKE SHORE BLVD W","COLBORNE LODGE DR"," ","Major Arterial","Toronto and East York","4","11",43.637945,-79.45899,"Intersection","At Intersection","Traffic Signal","Clear","Dark","Dry","Fatal","Cyclist Collisions","Driver","30 to 34","None",0,"East","Automobile, Station Wagon","Going Ahead","Driving Properly","Normal"," "," "," "," "," "," ",0,1,1,0,0,0,0,0,0,0,0,0,85,"South Parkdale (85)",1312,1,99.94,6,80,11.4,24100
"1313",6279954,1191582,2010,2010-09-26,2300,23,"LAKE SHORE BLVD W","COLBORNE LODGE DR"," ","Major Arterial","Toronto and East York","4","11",43.637945,-79.45899,"Intersection","At Intersection","Traffic Signal","Clear","Dark","Dry","Fatal","Cyclist Collisions","Driver","60 to 64","None",0,"East","Automobile, Station Wagon","Going Ahead","Driving Properly","Normal"," "," "," "," "," "," ",0,1,1,0,0,0,0,0,0,0,0,0,85,"South Parkdale (85)",1313,1,99.94,6,80,11.4,24100
"1314",6279955,1191582,2010,2010-09-26,2300,23,"LAKE SHORE BLVD W","COLBORNE LODGE DR"," ","Major Arterial","Toronto and East York","4","11",43.637945,-79.45899,"Intersection","At Intersection","Traffic Signal","Clear","Dark","Dry","Fatal","Cyclist Collisions","Cyclist","25 to 29","Fatal",33,"South","Bicycle","Going Ahead"," "," "," "," "," ","Cyclist without ROW rides into path of motorist at inter, lnwy, dwy-Cyclist not turn.","Disobeyed Traffic Control","Had Been Drinking",0,1,1,0,0,0,0,0,0,0,0,0,85,"South Parkdale (85)",1314,1,99.94,6,80,11.4,24100
"1315",80772592,7000366630,2017,2017-02-26,2300,23,"215 HURON ST"," ","20 m South of","Local","Toronto and East York","11","52",43.659106,-79.398532,"Mid-Block","Non Intersection","No Control","Clear","Dark, artificial","Dry","Non-Fatal Injury","Cyclist Collisions","Driver","45 to 49","None",0,"North","Automobile, Station Wagon","Going Ahead","Other","Inattentive"," "," "," "," "," "," ",0,1,1,0,0,0,0,1,0,0,0,0,79,"University (79)",1315,0,99.54,25,54,2.4,24100
"1316",80772593,7000366630,2017,2017-02-26,2300,23,"215 HURON ST"," ","20 m South of","Local","Toronto and East York","11","52",43.659106,-79.398532,"Mid-Block","Non Intersection","No Control","Clear","Dark, artificial","Dry","Non-Fatal Injury","Cyclist Collisions","Cyclist","25 to 29","Major",0,"South","Bicycle","Going Ahead"," "," "," "," "," ","Insufficient information (to determine cyclist crash type).","Other","Inattentive",0,1,1,0,0,0,0,1,0,0,0,0,79,"University (79)",1316,0,99.54,25,54,2.4,24100
"1317",80772594,7000366630,2017,2017-02-26,2300,23,"215 HURON ST"," ","20 m South of","Local","Toronto and East York","11","52",43.659106,-79.398532,"Mid-Block","Non Intersection","No Control","Clear","Dark, artificial","Dry","Non-Fatal Injury","Cyclist Collisions","Passenger","20 to 24","None",0," "," "," "," "," "," "," "," "," "," "," ",0,1,1,0,0,0,0,1,0,0,0,0,79,"University (79)",1317,0,99.54,25,54,2.4,24100
"1318",80169237,4002604819,2014,2014-07-30,2300,23,"EGLINTON AVE E","BANFF RD"," ","Major Arterial","North York","15","53",43.710009,-79.382236,"Intersection","Intersection Related","Traffic Signal","Clear","Dark, artificial","Dry","Non-Fatal Injury","Cyclist Collisions","Driver","25 to 29","None",0,"East","Automobile, Station Wagon","Going Ahead","Driving Properly","Normal"," "," "," "," "," "," ",0,1,1,0,0,0,0,0,0,0,0,0,99,"Mount Pleasant East (99)",1318,0,99.48,14,69,17.7,24100
"1319",80169238,4002604819,2014,2014-07-30,2300,23,"EGLINTON AVE E","BANFF RD"," ","Major Arterial","North York","15","53",43.710009,-79.382236,"Intersection","Intersection Related","Traffic Signal","Clear","Dark, artificial","Dry","Non-Fatal Injury","Cyclist Collisions","Cyclist","55 to 59","Major",0,"South","Bicycle","Going Ahead"," "," "," "," "," ","Cyclist without ROW rides into path of motorist at inter, lnwy, dwy-Cyclist not turn.","Disobeyed Traffic Control","Normal",0,1,1,0,0,0,0,0,0,0,0,0,99,"Mount Pleasant East (99)",1319,0,99.48,14,69,17.7,24100
"1320",80976594,8002051381,2018,2018-11-06,2300,23,"STEELES AVE W","ALNESS ST"," ","Major Arterial","North York","6","32",43.784629,-79.481014,"Intersection","At Intersection","Traffic Signal","Rain","Dark, artificial","Wet","Non-Fatal Injury","Cyclist Collisions","Driver","20 to 24","None",0,"East","Automobile, Station Wagon","Turning Left","Improper Turn","Inattentive"," "," "," "," "," "," ",0,1,1,0,0,0,0,0,0,0,0,0,27,"York University Heights (27)",1320,0,98.49,29,81,8.7,24100
"1321",80976595,8002051381,2018,2018-11-06,2300,23,"STEELES AVE W","ALNESS ST"," ","Major Arterial","North York","6","32",43.784629,-79.481014,"Intersection","At Intersection","Traffic Signal","Rain","Dark, artificial","Wet","Non-Fatal Injury","Cyclist Collisions","Cyclist","15 to 19","Major",0,"East","Bicycle","Going Ahead"," "," "," "," "," ","Motorist turned left across cyclists path.","Driving Properly","Normal",0,1,1,0,0,0,0,0,0,0,0,0,27,"York University Heights (27)",1321,0,98.49,29,81,8.7,24100
"1322",80240820,5000950977,2015,2015-06-07,2300,23,"169 SHAW ST"," "," ","Collector","North York","19","D14UE",43.646323,-79.416911,"Mid-Block","Non Intersection","No Control","Clear","Dark, artificial","Dry","Non-Fatal Injury","Cyclist Collisions","Cyclist","25 to 29","Major",0,"North","Bicycle","Going Ahead"," "," "," "," "," ","Cyclist strikes a parked vehicle.","Lost control","Ability Impaired, Alcohol",0,1,0,0,0,0,0,0,0,0,0,0,81,"Trinity-Bellwoods (81)",1322,0,98.56,14,82,17.5,24100
"1323",80497099,5000995174,2015,2015-06-13,2300,23,"AVENUE RD","DAVENPORT RD"," ","Major Arterial","Toronto and East York","11","53",43.674712,-79.396594,"Intersection","At Intersection","Traffic Signal","Clear","Dark, artificial","Dry","Fatal","Cyclist Collisions","Cyclist","25 to 29","Fatal",31,"South","Bicycle","Turning Left"," "," "," "," "," ","Cyclist turned left across motorists path.","Failed to Yield Right of Way","Normal",0,1,1,0,0,0,0,0,0,0,0,0,95,"Annex (95)",1323,1,99.73,4,66,18.6,24100
"1324",80497100,5000995174,2015,2015-06-13,2300,23,"AVENUE RD","DAVENPORT RD"," ","Major Arterial","Toronto and East York","11","53",43.674712,-79.396594,"Intersection","At Intersection","Traffic Signal","Clear","Dark, artificial","Dry","Fatal","Cyclist Collisions","Driver","15 to 19","None",0,"North","Automobile, Station Wagon","Going Ahead","Other","Unknown"," "," "," "," "," "," ",0,1,1,0,0,0,0,0,0,0,0,0,95,"Annex (95)",1324,1,99.73,4,66,18.6,24100
"1325",80161523,4002159560,2014,2014-05-26,2300,23,"1999 LESLIE ST"," "," ","Major Arterial","North York","16,15","33",43.760329,-79.361652,"Mid-Block","Non Intersection","No Control","Clear","Dark, artificial","Dry","Non-Fatal Injury","Cyclist Collisions","Cyclist","50 to 54","Major",0,"North","Bicycle","Going Ahead"," "," "," "," "," ","Cyclist and Driver travelling in same direction. One vehicle rear-ended the other.","Driving Properly","Normal",0,1,0,0,0,0,0,0,0,1,0,0,40,"St.Andrew-Windfields (40)",1325,0,99.17,21,51,23.3,24100
"1326",80161524,4002159560,2014,2014-05-26,2300,23,"1999 LESLIE ST"," "," ","Major Arterial","North York","16,15","33",43.760329,-79.361652,"Mid-Block","Non Intersection","No Control","Clear","Dark, artificial","Dry","Non-Fatal Injury","Cyclist Collisions","Driver","unknown","None",0,"North"," ","Going Ahead","Following too Close","Unknown"," "," "," "," "," "," ",0,1,0,0,0,0,0,0,0,1,0,0,40,"St.Andrew-Windfields (40)",1326,0,99.17,21,51,23.3,24100
"1327",80715701,6001451280,2016,2016-08-16,2300,23,"THE WEST MALL","THE QUEENSWAY"," ","Major Arterial","Etobicoke York","3","22",43.6123,-79.562633,"Intersection","At Intersection","Traffic Signal","Clear","Dark, artificial","Dry","Non-Fatal Injury","Cyclist Collisions","Cyclist","30 to 34","Major",0,"South","Bicycle","Going Ahead"," "," "," "," "," ","Cyclist without ROW rides into path of motorist at inter, lnwy, dwy-Cyclist not turn.","Other","Unknown",0,1,0,0,1,0,0,0,0,0,0,0,14,"Islington-City Centre West (14)",1327,0,99.58,15,80,19.6,24100
"1328",80715702,6001451280,2016,2016-08-16,2300,23,"THE WEST MALL","THE QUEENSWAY"," ","Major Arterial","Etobicoke York","3","22",43.6123,-79.562633,"Intersection","At Intersection","Traffic Signal","Clear","Dark, artificial","Dry","Non-Fatal Injury","Cyclist Collisions","Truck Driver","50 to 54","None",0,"North","Truck-Tractor","Turning Right","Driving Properly","Normal"," "," "," "," "," "," ",0,1,0,0,1,0,0,0,0,0,0,0,14,"Islington-City Centre West (14)",1328,0,99.58,15,80,19.6,24100
"1329",80771253,7001005616,2017,2017-06-03,2300,23,"ST CLAIR AVE W","CALEDONIA RD"," ","Major Arterial","Toronto and East York","9","13",43.67528,-79.45473,"Intersection","Intersection Related","Traffic Signal","Clear","Dark, artificial","Dry","Non-Fatal Injury","Cyclist Collisions","Driver","unknown","None",0,"West","Automobile, Station Wagon","Going Ahead","Improper Passing","Inattentive"," "," "," "," "," "," ",0,1,1,0,0,0,0,0,0,1,0,0,92,"Corso Italia-Davenport (92)",1329,0,99.5,6,50,16.7,24100
"1330",80771254,7001005616,2017,2017-06-03,2300,23,"ST CLAIR AVE W","CALEDONIA RD"," ","Major Arterial","Toronto and East York","9","13",43.67528,-79.45473,"Intersection","Intersection Related","Traffic Signal","Clear","Dark, artificial","Dry","Non-Fatal Injury","Cyclist Collisions","Cyclist","40 to 44","Major",0,"West","Bicycle","Going Ahead"," "," "," "," "," ","Cyclist and Driver travelling in same direction. One vehicle sideswipes the other.","Driving Properly","Normal",0,1,1,0,0,0,0,0,0,1,0,0,92,"Corso Italia-Davenport (92)",1330,0,99.5,6,50,16.7,24100
"1331",80167945,4002524694,2014,2014-07-18,2300,23,"3900 JANE ST"," "," ","Major Arterial","Etobicoke York","7","31",43.756663,-79.517566,"Mid-Block","At/Near Private Drive","No Control","Clear","Daylight","Dry","Non-Fatal Injury","Cyclist Collisions","Driver","35 to 39","None",0,"East"," ","Going Ahead","Other","Unknown"," "," "," "," "," "," ",0,1,0,0,0,0,0,0,0,0,0,0,25,"Glenfield-Jane Heights (25)",1331,0,100.23,7,53,19.2,24100
"1332",80167946,4002524694,2014,2014-07-18,2300,23,"3900 JANE ST"," "," ","Major Arterial","Etobicoke York","7","31",43.756663,-79.517566,"Mid-Block","At/Near Private Drive","No Control","Clear","Daylight","Dry","Non-Fatal Injury","Cyclist Collisions","Cyclist","30 to 34","Major",0,"Unknown","Bicycle","Unknown"," "," "," "," "," ","Motorist without ROW drives into path of cyclist at inter, lnwy, dwy-Driver not turn.","Other","Unknown",0,1,0,0,0,0,0,0,0,0,0,0,25,"Glenfield-Jane Heights (25)",1332,0,100.23,7,53,19.2,24100
"1333",80788857,7003071478,2017,2017-11-25,2400,23,"DUNDAS ST W","THE EAST MALL"," ","Expressway","Etobicoke York","3","22",43.629279,-79.553577,"Mid-Block","Non Intersection","No Control","Clear","Dark, artificial","Dry","Non-Fatal Injury","Cyclist Collisions","Cyclist","35 to 39","None",0,"West","Bicycle","Changing Lanes"," "," "," "," "," ","Cyclist without ROW rides into path of motorist at inter, lnwy, dwy-Cyclist not turn.","Improper Lane Change","Normal",0,1,1,0,0,0,0,0,0,0,0,0,14,"Islington-City Centre West (14)",1333,0,99.15,40,73,1.9,24100
"1334",80788858,7003071478,2017,2017-11-25,2400,23,"DUNDAS ST W","THE EAST MALL"," ","Expressway","Etobicoke York","3","22",43.629279,-79.553577,"Mid-Block","Non Intersection","No Control","Clear","Dark, artificial","Dry","Non-Fatal Injury","Cyclist Collisions","Driver","55 to 59","Major",0,"North","Automobile, Station Wagon","Going Ahead","Driving Properly","Normal"," "," "," "," "," "," ",0,1,1,0,0,0,0,0,0,0,0,0,14,"Islington-City Centre West (14)",1334,0,99.15,40,73,1.9,24100
"1335",80892785,7001690052,2017,2017-09-17,2400,23,"LAKE SHORE BLVD W","REMEMBRANCE DR"," ","Major Arterial","Toronto and East York","10","14",43.630351,-79.419742,"Intersection","At Intersection","Traffic Signal","Clear","Dark, artificial","Dry","Non-Fatal Injury","Cyclist Collisions","Cyclist","25 to 29","Major",0,"West","Bicycle","Going Ahead"," "," "," "," "," ","Motorist turning right on red at signalized intersection strikes cyclist.","Driving Properly","Normal",0,1,1,0,0,0,0,0,0,0,0,0,82,"Niagara (82)",1335,0,99.84,3,87,20.2,24100
"1336",80892786,7001690052,2017,2017-09-17,2400,23,"LAKE SHORE BLVD W","REMEMBRANCE DR"," ","Major Arterial","Toronto and East York","10","14",43.630351,-79.419742,"Intersection","At Intersection","Traffic Signal","Clear","Dark, artificial","Dry","Non-Fatal Injury","Cyclist Collisions","Driver","45 to 49","None",0,"North","Passenger Van","Turning Right","Improper Turn","Normal"," "," "," "," "," "," ",0,1,1,0,0,0,0,0,0,0,0,0,82,"Niagara (82)",1336,0,99.84,3,87,20.2,24100
"1337",6160006,1176361,2010,2010-07-07,2400,23,"BICKNELL Ave","NASHVILLE Ave"," ","Collector","Etobicoke York","5","12",43.683245,-79.47429,"Intersection"," ","No Control","Clear","Dark","Dry","Non-Fatal Injury","Cyclist Collisions","Vehicle Owner","unknown"," ",0," ","Other"," "," "," "," "," "," "," "," "," ",0,1,1,0,0,0,0,0,0,0,0,0,110,"Keelesdale-Eglinton West (110)",1337,0,99.66,0,78,26.4,24100
"1338",6160007,1176361,2010,2010-07-07,2400,23,"BICKNELL Ave","NASHVILLE Ave"," ","Collector","Etobicoke York","5","12",43.683245,-79.47429,"Intersection"," ","No Control","Clear","Dark","Dry","Non-Fatal Injury","Cyclist Collisions","Driver","40 to 44","None",0,"North","Automobile, Station Wagon","Parked","Driving Properly","Normal"," "," "," "," "," "," ",0,1,1,0,0,0,0,0,0,0,0,0,110,"Keelesdale-Eglinton West (110)",1338,0,99.66,0,78,26.4,24100
"1339",6160008,1176361,2010,2010-07-07,2400,23,"BICKNELL Ave","NASHVILLE Ave"," ","Collector","Etobicoke York","5","12",43.683245,-79.47429,"Intersection"," ","No Control","Clear","Dark","Dry","Non-Fatal Injury","Cyclist Collisions","Cyclist","40 to 44","Major",0,"North","Bicycle","Going Ahead"," "," "," "," "," ","Cyclist and Driver travelling in same direction. One vehicle rear-ended the other.","Other","Had Been Drinking",0,1,1,0,0,0,0,0,0,0,0,0,110,"Keelesdale-Eglinton West (110)",1339,0,99.66,0,78,26.4,24100
"1340",80566002,6001309573,2016,2016-07-25,2400,23,"KENNEDY RD","MERRIAN RD"," ","Major Arterial","Scarborough","20","41",43.727336,-79.26588,"Intersection","At Intersection","Traffic Signal","Clear","Dark, artificial","Dry","Non-Fatal Injury","Cyclist Collisions","Cyclist","35 to 39","Major",0,"West","Bicycle","Going Ahead"," "," "," "," "," ","Cyclist without ROW rides into path of motorist at inter, lnwy, dwy-Cyclist not turn.","Disobeyed Traffic Control","Inattentive",0,1,0,0,0,0,1,0,0,0,0,0,124,"Kennedy Park (124)",1340,0,99.2,21,60,24.5,24100
"1341",80566003,6001309573,2016,2016-07-25,2400,23,"KENNEDY RD","MERRIAN RD"," ","Major Arterial","Scarborough","20","41",43.727336,-79.26588,"Intersection","At Intersection","Traffic Signal","Clear","Dark, artificial","Dry","Non-Fatal Injury","Cyclist Collisions","Driver","35 to 39","None",0,"North","Police Vehicle","Going Ahead","Driving Properly","Normal"," "," "," "," "," "," ",0,1,0,0,0,0,1,0,0,0,0,0,124,"Kennedy Park (124)",1341,0,99.2,21,60,24.5,24100